geneSymbol,chrom,start,end,genes_lengths,SNPs_per_Gene.fib,readsRef,readsAlt,ReadsTotal.fib,AltRatio,Ref_iSNP,Alt_iSNP,Balanced_iSNP.fib,Total_iSNP.fib,BalancedRatio,ncells_with_observation.fib,n_cells_per_biallelic,iSNP_Protocol_Identification.fib,SNPs_per_Gene.lymph,readsMat,readsPat,ReadsTotal.lymph,patRatio,By_Reads_Protocol_Identification,Maternal_iSNP,Paternal_iSNP,Balanced_iSNP.lymph,Escaper_iSNP,Total_iSNP.lymph,EscaperRatio,ncells_with_observation.lymph,n_cells_per_paternal,iSNP_Protocol_Identification.lymph,protocols_Used,overall_Identification,SNPs_per_Gene,readsMat.lpool100,readsPat.lpool100,ReadsTotal,patRatio.lpool100,By_Reads_Protocol_Identification.lpool100
PLCXD1,chrX,198060,220022,21963,4,229,243,472,0.514830508,4,6,0,10,0,6,0,Inactivated,1,0,81,81,1,Escaper,0,1,0,1,1,1,1,1,less than 2 iSNPs,R,Escaper by Reads only,1,4,0,4,0,Inactivated
TCONS_00017110,chrX,287991,288942,952,2,5.0003,5.0003,10.0006,0.5,3,5,0,8,0,5,0,Inactivated,NA,NA,NA,NA,NA,NA,NA,NA,NA,NA,NA,NA,NA,NA,NA,NA,NA,NA,NA,NA,NA,NA,NA
PPP2R3B,chrX,294667,347690,53024,12,127,396,523,0.757170172,6,12,0,18,0,10,0,Inactivated,2,179,0,179,0,Inactivated,2,0,0,0,2,0,1,0,Inactivated,R+S,Inactivated by both methods,2,5,2,7,0.285714286,Inactivated
TCONS_00017114,chrX,404881,420768,15888,1,1,1,2,0.5,0,1,0,1,0,1,0,Inactivated,NA,NA,NA,NA,NA,NA,NA,NA,NA,NA,NA,NA,NA,NA,NA,NA,NA,NA,NA,NA,NA,NA,NA
SHOX,chrX,585078,607558,22481,NA,NA,NA,NA,NA,NA,NA,NA,NA,NA,NA,NA,NA,1,14,0,14,0,Inactivated,1,0,0,0,1,0,1,0,less than 2 iSNPs,R,Inactivated by Reads only,NA,NA,NA,NA,NA,NA
CRLF2,chrX,1314886,1331529,16644,NA,NA,NA,NA,NA,NA,NA,NA,NA,NA,NA,NA,NA,NA,NA,NA,NA,NA,NA,NA,NA,NA,NA,NA,NA,NA,NA,NA,NA,NA,1,1,0,1,0,Inactivated
CSF2RA,chrX,1401570,1428828,27259,NA,NA,NA,NA,NA,NA,NA,NA,NA,NA,NA,NA,NA,3,2,56,58,0.965517241,Escaper,0,3,0,3,3,1,1,1,Escaper,R+S,Escaper by both methods,NA,NA,NA,NA,NA,NA
IL3RA,chrX,1455508,1501582,46075,6,308,81,389,0.208226221,8,2,0,10,0,6,0,Inactivated,6,717,120,837,0.143369176,Escaper,10,3,0,3,13,0.230769231,6,1,Escaper,R+S,Escaper by both methods,4,46,23,69,0.333333333,Escaper
SLC25A6,chrX,1505044,1511039,5996,1,2392,2106,4498,0.468208092,20,17,51,88,0.579545455,88,50,Escaper,2,4295,4887,9182,0.532236985,Escaper,4,12,18,30,34,0.882352941,18,16,Escaper,R+S,Escaper by both methods,2,660,592,1252,0.47284345,Escaper
ASMTL,chrX,1522031,1571870,49840,7,161,64,225,0.284444444,5,3,0,8,0,4,0,Inactivated,NA,NA,NA,NA,NA,NA,NA,NA,NA,NA,NA,NA,NA,NA,NA,NA,NA,NA,NA,NA,NA,NA,NA
P2RY8,chrX,1581465,1656037,74573,NA,NA,NA,NA,NA,NA,NA,NA,NA,NA,NA,NA,NA,12,389,454,843,0.538552788,Escaper,9,4,0,4,13,0.307692308,5,2,Escaper,R+S,Escaper by both methods,23,33,51,84,0.607142857,Escaper
AKAP17A,chrX,1710485,1721411,10927,1,159,142,301,0.471760797,3,4,0,7,0,7,0,Inactivated,2,284,438,722,0.606648199,Escaper,4,2,1,3,7,0.428571429,7,3,Escaper,R+S,Escaper by both methods,2,172,148,320,0.4625,Escaper
TCONS_00017125,chrX,1895251,1902285,7035,NA,NA,NA,NA,NA,NA,NA,NA,NA,NA,NA,NA,NA,4,0,156,156,1,Escaper,0,8,0,8,8,1,2,2,Escaper,R+S,Escaper by both methods,1,0,12,12,1,Escaper
DHRSX,chrX,2137554,2419015,281462,60,1616,1697,3313,0.51222457,65,56,13,134,0.097014925,63,12,Escaper,11,564,1815,2379,0.762925599,Escaper,9,8,0,8,17,0.470588235,8,5,Escaper,R+S,Escaper by both methods,8,115,87,202,0.430693069,Escaper
TCONS_00017281,chrX,2484069,2527190,43122,3,2.0003,2.0003,4.0006,0.5,3,2,0,5,0,4,0,Inactivated,1,101,24,125,0.192,Escaper,1,1,0,1,2,0.5,2,1,Escaper,R+S,Escaper by both methods,NA,NA,NA,NA,NA,NA
CD99P1,chrX,2527305,2575270,47966,23,1112,1346,2458,0.547599675,35,36,0,71,0,26,0,Inactivated,NA,NA,NA,NA,NA,NA,NA,NA,NA,NA,NA,NA,NA,NA,NA,NA,NA,4,12,5,17,0.294117647,Inactivated
CD99,chrX,2609227,2659350,50124,28,7187,7505,14692,0.510822216,70,70,108,248,0.435483871,101,97,Escaper,3,3178,2027,5205,0.389433237,Escaper,15,6,17,23,38,0.605263158,17,10,Escaper,R+S,Escaper by both methods,9,569,428,997,0.429287864,Escaper
XG,chrX,2670092,2734541,64450,7,163,80,243,0.329218107,3,4,0,7,0,2,0,Inactivated,1,0,7,7,1,Escaper,0,1,0,1,1,1,1,1,less than 2 iSNPs,R,Escaper by Reads only,NA,NA,NA,NA,NA,NA
GYG2,chrX,2746862,2800861,54000,10,318,0,318,0,11,0,0,11,0,4,0,Inactivated,NA,NA,NA,NA,NA,NA,NA,NA,NA,NA,NA,NA,NA,NA,NA,NA,NA,NA,NA,NA,NA,NA,NA
ARSD,chrX,2822010,2847416,25407,3,8,180,188,0.957446809,1,4,0,5,0,5,0,Inactivated,NA,NA,NA,NA,NA,NA,NA,NA,NA,NA,NA,NA,NA,NA,NA,NA,NA,NA,NA,NA,NA,NA,NA
ARSE,chrX,2852672,2882494,29823,2,74,8,82,0.097560976,2,1,0,3,0,3,0,Inactivated,NA,NA,NA,NA,NA,NA,NA,NA,NA,NA,NA,NA,NA,NA,NA,NA,NA,NA,NA,NA,NA,NA,NA
MXRA5,chrX,3226608,3264684,38077,17,518,603,1121,0.537912578,14,15,0,29,0,12,0,Inactivated,NA,NA,NA,NA,NA,NA,NA,NA,NA,NA,NA,NA,NA,NA,NA,NA,NA,NA,NA,NA,NA,NA,NA
PRKX,chrX,3522383,3631675,109293,12,225,406,631,0.643423138,9,13,0,22,0,18,0,Inactivated,2,0,36,36,1,Escaper,0,2,0,2,2,1,1,1,Escaper,R+S,Escaper by both methods,3,6,4,10,0.4,Inactivated
LOC389906,chrX,3735575,3761935,26361,NA,NA,NA,NA,NA,NA,NA,NA,NA,NA,NA,NA,NA,1,0,9,9,1,Escaper,0,1,0,1,1,1,1,1,less than 2 iSNPs,R,Escaper by Reads only,1,0,1,1,1,Inactivated
TCONS_l2_00030780,chrX,5571461,5644346,72886,NA,NA,NA,NA,NA,NA,NA,NA,NA,NA,NA,NA,NA,1,109,0,109,0,Inactivated,1,0,0,0,1,0,1,0,less than 2 iSNPs,R,Inactivated by Reads only,NA,NA,NA,NA,NA,NA
NLGN4X,chrX,5808082,6146706,338625,1,8,0,8,0,1,0,0,1,0,1,0,Inactivated,NA,NA,NA,NA,NA,NA,NA,NA,NA,NA,NA,NA,NA,NA,NA,NA,NA,NA,NA,NA,NA,NA,NA
TCONS_00017288,chrX,6687404,6895201,207798,15,4.0014,4.0014,8.0028,0.5,14,4,0,18,0,8,0,Inactivated,1,8,1,9,0.111111111,Inactivated,0,0,1,1,1,1,1,1,less than 2 iSNPs,R,Inactivated by Reads only,NA,NA,NA,NA,NA,NA
HDHD1,chrX,6966960,7066231,99272,19,4150,2946,7096,0.415163472,105,64,17,186,0.091397849,49,8,Escaper,NA,NA,NA,NA,NA,NA,NA,NA,NA,NA,NA,NA,NA,NA,NA,NA,NA,NA,NA,NA,NA,NA,NA
STS,chrX,7137471,7272682,135212,10,563,300,863,0.347624565,17,11,0,28,0,22,0,Inactivated,NA,NA,NA,NA,NA,NA,NA,NA,NA,NA,NA,NA,NA,NA,NA,NA,NA,NA,NA,NA,NA,NA,NA
PNPLA4,chrX,7866803,7895780,28978,2,0,122,122,1,0,2,0,2,0,1,0,Inactivated,NA,NA,NA,NA,NA,NA,NA,NA,NA,NA,NA,NA,NA,NA,NA,NA,NA,NA,NA,NA,NA,NA,NA
TCONS_00017403,chrX,7896715,8030696,133982,1,1.0001,1.0001,2.0002,0.5,1,1,0,2,0,2,0,Inactivated,NA,NA,NA,NA,NA,NA,NA,NA,NA,NA,NA,NA,NA,NA,NA,NA,NA,NA,NA,NA,NA,NA,NA
TCONS_00017137,chrX,8196411,8423740,227330,10,7.974284211,7.974284211,15.94856842,0.5,6,8,0,14,0,4,0,Inactivated,NA,NA,NA,NA,NA,NA,NA,NA,NA,NA,NA,NA,NA,NA,NA,NA,NA,NA,NA,NA,NA,NA,NA
KAL1,chrX,8496914,8700227,203314,1,7,77,84,0.916666667,1,1,0,2,0,2,0,Inactivated,NA,NA,NA,NA,NA,NA,NA,NA,NA,NA,NA,NA,NA,NA,NA,NA,NA,NA,NA,NA,NA,NA,NA
TBL1X,chrX,9433200,9687780,254581,58,2070,1326,3396,0.390459364,73,58,1,132,0.007575758,68,0,less than 2 iSNPs,5,653,10,663,0.015082956,Escaper,7,0,0,0,7,0,3,0,Inactivated,R+S,Escaper by both methods,7,49,0,49,0,Inactivated
GPR143,chrX,9693452,9734005,40554,2,0,51,51,1,0,3,0,3,0,3,0,Inactivated,NA,NA,NA,NA,NA,NA,NA,NA,NA,NA,NA,NA,NA,NA,NA,NA,NA,NA,NA,NA,NA,NA,NA
SHROOM2,chrX,9754495,9917481,162987,11,361,116,477,0.243186583,9,6,0,15,0,9,0,Inactivated,1,9,0,9,0,Inactivated,1,0,0,0,1,0,1,0,less than 2 iSNPs,R,Inactivated by Reads only,NA,NA,NA,NA,NA,NA
WWC3,chrX,9983794,10112518,128725,4,326,26,352,0.073863636,7,2,0,9,0,8,0,Inactivated,3,109,1,110,0.009090909,Inactivated,3,0,0,0,3,0,2,0,Inactivated,R+S,Inactivated by both methods,3,5,0,5,0,Inactivated
CLCN4,chrX,10124984,10205699,80716,3,187,178,365,0.487671233,6,7,0,13,0,8,0,Inactivated,6,1438,5,1443,0.003465003,Inactivated,6,0,0,0,6,0,3,0,Inactivated,R+S,Inactivated by both methods,1,1,0,1,0,Inactivated
MID1,chrX,10413349,10851809,438461,4,250,155,405,0.382716049,8,4,1,13,0.076923077,13,1,less than 2 iSNPs,NA,NA,NA,NA,NA,NA,NA,NA,NA,NA,NA,NA,NA,NA,NA,NA,NA,NA,NA,NA,NA,NA,NA
MID1,chrX,10466857,10468872,2016,4,250,155,405,0.382716049,8,4,1,13,0.076923077,13,1,less than 2 iSNPs,NA,NA,NA,NA,NA,NA,NA,NA,NA,NA,NA,NA,NA,NA,NA,NA,NA,NA,NA,NA,NA,NA,NA
AY660578,chrX,10988010,11129258,141249,1,33,0,33,0,1,0,0,1,0,1,0,Inactivated,NA,NA,NA,NA,NA,NA,NA,NA,NA,NA,NA,NA,NA,NA,NA,NA,NA,NA,NA,NA,NA,NA,NA
ARHGAP6,chrX,11155662,11683821,528160,3,12,49,61,0.803278689,1,3,0,4,0,3,0,Inactivated,1,48,0,48,0,Inactivated,1,0,0,0,1,0,1,0,less than 2 iSNPs,R,Inactivated by Reads only,NA,NA,NA,NA,NA,NA
MSL3,chrX,11776277,11793872,17596,1,25,0,25,0,2,0,0,2,0,2,0,Inactivated,1,0,96,96,1,Escaper,0,1,0,1,1,1,1,1,less than 2 iSNPs,R,Escaper by Reads only,2,24,13,37,0.351351351,Escaper
FRMPD4,chrX,12156584,12742642,586059,44,676,856,1532,0.558746736,21,27,1,49,0.020408163,16,1,less than 2 iSNPs,3,1,118,119,0.991596639,Escaper,0,3,0,3,3,1,1,1,Escaper,R+S,Escaper by both methods,NA,NA,NA,NA,NA,NA
PRPS2,chrX,12809473,12842346,32874,4,269,73,342,0.213450292,7,2,0,9,0,6,0,Inactivated,2,27,0,27,0,Inactivated,2,0,0,0,2,0,2,0,Inactivated,R+S,Inactivated by both methods,1,4,0,4,0,Inactivated
TLR7,chrX,12885201,12908480,23280,NA,NA,NA,NA,NA,NA,NA,NA,NA,NA,NA,NA,NA,1,58,0,58,0,Inactivated,2,0,0,0,2,0,2,0,Inactivated,R+S,Inactivated by both methods,1,12,2,14,0.142857143,Inactivated
TMSB4X,chrX,12993225,12995346,2122,NA,NA,NA,NA,NA,NA,NA,NA,NA,NA,NA,NA,NA,1,302,70,372,0.188172043,Escaper,3,2,0,2,5,0.4,5,2,Escaper,R+S,Escaper by both methods,1,16,10,26,0.384615385,Escaper
TCONS_00017139,chrX,13066230,13104187,37958,NA,NA,NA,NA,NA,NA,NA,NA,NA,NA,NA,NA,NA,1,69,0,69,0,Inactivated,1,0,0,0,1,0,1,0,less than 2 iSNPs,R,Inactivated by Reads only,NA,NA,NA,NA,NA,NA
TCEANC,chrX,13671306,13682247,10942,5,27,126,153,0.823529412,2,4,0,6,0,4,0,Inactivated,2,64,1,65,0.015384615,Inactivated,2,0,0,0,2,0,1,0,Inactivated,R+S,Inactivated by both methods,5,29,2,31,0.064516129,Inactivated
RAB9A,chrX,13707239,13727944,20706,1,41,43,84,0.511904762,1,1,0,2,0,2,0,Inactivated,NA,NA,NA,NA,NA,NA,NA,NA,NA,NA,NA,NA,NA,NA,NA,NA,NA,1,2,0,2,0,Inactivated
TRAPPC2,chrX,13730360,13752754,22395,7,1539,2958,4497,0.657771848,28,51,1,80,0.0125,57,1,less than 2 iSNPs,4,3637,790,4427,0.178450418,Escaper,15,1,3,4,19,0.210526316,12,4,Escaper,R+S,Escaper by both methods,4,260,50,310,0.161290323,Escaper
GPM6B,chrX,13789061,13835314,46254,1,0,55,55,1,0,1,0,1,0,1,0,Inactivated,2,439,0,439,0,Inactivated,2,0,0,0,2,0,2,0,Inactivated,R+S,Inactivated by both methods,1,5,0,5,0,Inactivated
GEMIN8,chrX,14024844,14048035,23192,1,18,0,18,0,1,0,0,1,0,1,0,Inactivated,NA,NA,NA,NA,NA,NA,NA,NA,NA,NA,NA,NA,NA,NA,NA,NA,NA,1,12,0,12,0,Inactivated
GLRA2,chrX,14547419,14749933,202515,7,294,42,336,0.125,9,3,1,13,0.076923077,10,1,less than 2 iSNPs,NA,NA,NA,NA,NA,NA,NA,NA,NA,NA,NA,NA,NA,NA,NA,NA,NA,NA,NA,NA,NA,NA,NA
FANCB,chrX,14861528,14891184,29657,1,19,33,52,0.634615385,1,1,0,2,0,2,0,Inactivated,3,702,21,723,0.029045643,Escaper,3,0,0,0,3,0,3,0,Inactivated,R+S,Escaper by both methods,1,35,0,35,0,Inactivated
MOSPD2,chrX,14891526,14939459,47934,NA,NA,NA,NA,NA,NA,NA,NA,NA,NA,NA,NA,NA,3,91,0,91,0,Inactivated,3,0,0,0,3,0,1,0,Inactivated,R+S,Inactivated by both methods,1,13,0,13,0,Inactivated
ASB11,chrX,15299830,15333746,33917,1,0,7,7,1,0,1,0,1,0,1,0,Inactivated,NA,NA,NA,NA,NA,NA,NA,NA,NA,NA,NA,NA,NA,NA,NA,NA,NA,NA,NA,NA,NA,NA,NA
PIGA,chrX,15337572,15353676,16105,3,150,286,436,0.655963303,7,11,1,19,0.052631579,8,1,less than 2 iSNPs,2,1702,4,1706,0.002344666,Inactivated,6,0,0,0,6,0,4,0,Inactivated,R+S,Inactivated by both methods,2,19,0,19,0,Inactivated
FIGF,chrX,15363712,15402535,38824,2,0,51,51,1,0,2,0,2,0,1,0,Inactivated,NA,NA,NA,NA,NA,NA,NA,NA,NA,NA,NA,NA,NA,NA,NA,NA,NA,NA,NA,NA,NA,NA,NA
PIR,chrX,15402923,15511711,108789,6,948,359,1307,0.274674828,33,13,0,46,0,27,0,Inactivated,2,153,0,153,0,Inactivated,4,0,0,0,4,0,4,0,Inactivated,R+S,Inactivated by both methods,1,2,0,2,0,Inactivated
CA5BP1,chrX,15693038,15721474,28437,18,1084,1542,2626,0.587204874,29,45,3,77,0.038961039,39,2,Escaper,NA,NA,NA,NA,NA,NA,NA,NA,NA,NA,NA,NA,NA,NA,NA,NA,NA,NA,NA,NA,NA,NA,NA
CA5B,chrX,15756411,15805748,49338,8,66,70,136,0.514705882,5,3,0,8,0,4,0,Inactivated,NA,NA,NA,NA,NA,NA,NA,NA,NA,NA,NA,NA,NA,NA,NA,NA,NA,NA,NA,NA,NA,NA,NA
ZRSR2,chrX,15808573,15841382,32810,11,967,506,1473,0.343516633,24,12,6,42,0.142857143,34,6,Escaper,NA,NA,NA,NA,NA,NA,NA,NA,NA,NA,NA,NA,NA,NA,NA,NA,NA,NA,NA,NA,NA,NA,NA
AP1S2,chrX,15843928,15873137,29210,4,172,100,272,0.367647059,5,3,0,8,0,6,0,Inactivated,1,45,54,99,0.545454545,Escaper,0,0,3,3,3,1,3,3,Escaper,R+S,Escaper by both methods,1,30,27,57,0.473684211,Escaper
GRPR,chrX,16141423,16171641,30219,2,0,43,43,1,0,2,0,2,0,1,0,Inactivated,NA,NA,NA,NA,NA,NA,NA,NA,NA,NA,NA,NA,NA,NA,NA,NA,NA,NA,NA,NA,NA,NA,NA
CTPS2,chrX,16606121,16731059,124939,1,8,0,8,0,1,0,0,1,0,1,0,Inactivated,NA,NA,NA,NA,NA,NA,NA,NA,NA,NA,NA,NA,NA,NA,NA,NA,NA,NA,NA,NA,NA,NA,NA
SYAP1,chrX,16737706,16780807,43102,8,150,192,342,0.561403509,6,6,0,12,0,11,0,Inactivated,3,133,57,190,0.3,Escaper,2,1,0,1,3,0.333333333,2,1,Escaper,R+S,Escaper by both methods,NA,NA,NA,NA,NA,NA
TXLNG,chrX,16804554,16862642,58089,19,1151,1546,2697,0.573229514,35,51,1,87,0.011494253,34,1,less than 2 iSNPs,6,27,170,197,0.862944162,Escaper,0,5,1,6,6,1,1,1,Escaper,R+S,Escaper by both methods,7,148,62,210,0.295238095,Escaper
RBBP7,chrX,16862774,16887978,25205,15,827,1077,1904,0.565651261,23,25,0,48,0,34,0,Inactivated,NA,NA,NA,NA,NA,NA,NA,NA,NA,NA,NA,NA,NA,NA,NA,NA,NA,2,18,2,20,0.1,Inactivated
NHS,chrX,17393542,17754113,360572,2,41,0,41,0,2,0,0,2,0,2,0,Inactivated,NA,NA,NA,NA,NA,NA,NA,NA,NA,NA,NA,NA,NA,NA,NA,NA,NA,NA,NA,NA,NA,NA,NA
SCML1,chrX,17755591,17773105,17515,1,161,569,730,0.779452055,5,15,0,20,0,20,0,Inactivated,NA,NA,NA,NA,NA,NA,NA,NA,NA,NA,NA,NA,NA,NA,NA,NA,NA,NA,NA,NA,NA,NA,NA
SCML2,chrX,18257432,18372844,115413,3,43,41,84,0.488095238,2,3,0,5,0,4,0,Inactivated,NA,NA,NA,NA,NA,NA,NA,NA,NA,NA,NA,NA,NA,NA,NA,NA,NA,NA,NA,NA,NA,NA,NA
CDKL5,chrX,18443724,18671749,228026,2,66,9,75,0.12,1,1,0,2,0,2,0,Inactivated,NA,NA,NA,NA,NA,NA,NA,NA,NA,NA,NA,NA,NA,NA,NA,NA,NA,1,2,0,2,0,Inactivated
PPEF1,chrX,18709044,18846034,136991,NA,NA,NA,NA,NA,NA,NA,NA,NA,NA,NA,NA,NA,1,11,0,11,0,Inactivated,1,0,0,0,1,0,1,0,less than 2 iSNPs,R,Inactivated by Reads only,NA,NA,NA,NA,NA,NA
SH3KBP1,chrX,19552082,19905744,353663,2,0,166,166,1,0,4,0,4,0,2,0,Inactivated,1,12,0,12,0,Inactivated,1,0,0,0,1,0,1,0,less than 2 iSNPs,R,Inactivated by Reads only,1,1,0,1,0,Inactivated
RPS6KA3,chrX,20168028,20284750,116723,2,79,0,79,0,2,0,0,2,0,2,0,Inactivated,1,202,0,202,0,Inactivated,1,0,0,0,1,0,1,0,less than 2 iSNPs,R,Inactivated by Reads only,NA,NA,NA,NA,NA,NA
MBTPS2,chrX,21857655,21903541,45887,10,796,520,1316,0.395136778,29,15,0,44,0,35,0,Inactivated,2,901,1,902,0.001108647,Inactivated,2,0,0,0,2,0,1,0,Inactivated,R+S,Inactivated by both methods,5,14,0,14,0,Inactivated
SMS,chrX,21958690,22012955,54266,28,1768,780,2548,0.306122449,57,29,0,86,0,38,0,Inactivated,1,489,0,489,0,Inactivated,1,0,0,0,1,0,1,0,less than 2 iSNPs,R,Inactivated by Reads only,1,8,0,8,0,Inactivated
PHEX,chrX,22050920,22266478,215559,1,12,0,12,0,1,0,0,1,0,1,0,Inactivated,1,1,15,16,0.9375,Escaper,0,1,0,1,1,1,1,1,less than 2 iSNPs,R,Escaper by Reads only,NA,NA,NA,NA,NA,NA
LOC100873065,chrX,22277913,23311263,1033351,1,8,0,8,0,1,0,0,1,0,1,0,Inactivated,1,0,9,9,1,Escaper,0,1,0,1,1,1,1,1,less than 2 iSNPs,R,Escaper by Reads only,NA,NA,NA,NA,NA,NA
PRDX4,chrX,23685644,23704514,18871,NA,NA,NA,NA,NA,NA,NA,NA,NA,NA,NA,NA,NA,1,23,0,23,0,Inactivated,1,0,0,0,1,0,1,0,less than 2 iSNPs,R,Inactivated by Reads only,3,15,0,15,0,Inactivated
ACOT9,chrX,23721776,23761407,39632,25,3561,2575,6136,0.419654498,76,59,1,136,0.007352941,77,1,less than 2 iSNPs,1,253,0,253,0,Inactivated,4,0,0,0,4,0,4,0,Inactivated,R+S,Inactivated by both methods,2,11,0,11,0,Inactivated
EIF2S3,chrX,24073064,24096927,23864,NA,NA,NA,NA,NA,NA,NA,NA,NA,NA,NA,NA,NA,1,616,706,1322,0.534039334,Escaper,4,3,3,6,10,0.6,10,6,Escaper,R+S,Escaper by both methods,6,137,42,179,0.234636872,Escaper
ZFX,chrX,24167761,24234372,66612,36,11361,10126,21487,0.471261693,187,166,103,456,0.225877193,100,80,Escaper,15,9476,2221,11697,0.189877746,Escaper,27,13,8,21,48,0.4375,21,12,Escaper,R+S,Escaper by both methods,19,715,329,1044,0.3151341,Escaper
PDK3,chrX,24483343,24568583,85241,NA,NA,NA,NA,NA,NA,NA,NA,NA,NA,NA,NA,NA,8,1490,0,1490,0,Inactivated,18,0,0,0,18,0,9,0,Inactivated,R+S,Inactivated by both methods,13,143,0,143,0,Inactivated
PCYT1B,chrX,24576203,24665455,89253,NA,NA,NA,NA,NA,NA,NA,NA,NA,NA,NA,NA,NA,1,16,0,16,0,Inactivated,1,0,0,0,1,0,1,0,less than 2 iSNPs,R,Inactivated by Reads only,NA,NA,NA,NA,NA,NA
POLA1,chrX,24712063,25015102,303040,12,444,253,697,0.362984218,18,8,0,26,0,19,0,Inactivated,1,38,0,38,0,Inactivated,1,0,0,0,1,0,1,0,less than 2 iSNPs,R,Inactivated by Reads only,2,49,0,49,0,Inactivated
BC024027,chrX,27193032,27417114,224083,NA,NA,NA,NA,NA,NA,NA,NA,NA,NA,NA,NA,NA,1,14,0,14,0,Inactivated,1,0,0,0,1,0,1,0,less than 2 iSNPs,R,Inactivated by Reads only,NA,NA,NA,NA,NA,NA
IL1RAPL1,chrX,28605680,29974017,1368338,46,589,1025,1614,0.635068154,22,35,1,58,0.017241379,13,1,less than 2 iSNPs,2,230,0,230,0,Inactivated,2,0,0,0,2,0,1,0,Inactivated,R+S,Inactivated by both methods,4,32,48,80,0.6,Escaper
CXorf21,chrX,30576940,30596033,19094,NA,NA,NA,NA,NA,NA,NA,NA,NA,NA,NA,NA,NA,3,576,2,578,0.003460208,Inactivated,10,0,0,0,10,0,6,0,Inactivated,R+S,Inactivated by both methods,3,154,56,210,0.266666667,Escaper
GK,chrX,30671475,30749577,78103,12,537,297,834,0.356115108,17,8,0,25,0,20,0,Inactivated,NA,NA,NA,NA,NA,NA,NA,NA,NA,NA,NA,NA,NA,NA,NA,NA,NA,NA,NA,NA,NA,NA,NA
TAB3,chrX,30845558,30907511,61954,7,66,253,319,0.793103448,2,7,0,9,0,6,0,Inactivated,NA,NA,NA,NA,NA,NA,NA,NA,NA,NA,NA,NA,NA,NA,NA,NA,NA,NA,NA,NA,NA,NA,NA
DMD,chrX,31137344,33229673,2092330,82,3912,965,4877,0.197867542,98,39,1,138,0.007246377,30,1,less than 2 iSNPs,9,1373,160,1533,0.104370515,Escaper,7,4,0,4,11,0.363636364,6,4,Escaper,R+S,Escaper by both methods,1,12,2,14,0.142857143,Inactivated
DYNLT3,chrX,37698088,37706889,8802,1,2136,1464,3600,0.406666667,40,27,1,68,0.014705882,68,1,less than 2 iSNPs,NA,NA,NA,NA,NA,NA,NA,NA,NA,NA,NA,NA,NA,NA,NA,NA,NA,NA,NA,NA,NA,NA,NA
OTC,chrX,38211735,38280703,68969,NA,NA,NA,NA,NA,NA,NA,NA,NA,NA,NA,NA,NA,4,0,44,44,1,Escaper,0,4,0,4,4,1,1,1,Escaper,R+S,Escaper by both methods,NA,NA,NA,NA,NA,NA
TSPAN7,chrX,38420730,38548172,127443,3,77,0,77,0,3,0,0,3,0,1,0,Inactivated,NA,NA,NA,NA,NA,NA,NA,NA,NA,NA,NA,NA,NA,NA,NA,NA,NA,NA,NA,NA,NA,NA,NA
ATP6AP2,chrX,40440215,40465888,25674,1,45,0,45,0,1,0,0,1,0,1,0,Inactivated,NA,NA,NA,NA,NA,NA,NA,NA,NA,NA,NA,NA,NA,NA,NA,NA,NA,NA,NA,NA,NA,NA,NA
CXorf38,chrX,40486172,40506819,20648,1,77,96,173,0.554913295,2,3,0,5,0,5,0,Inactivated,1,416,3,419,0.007159905,Inactivated,2,0,0,0,2,0,2,0,Inactivated,R+S,Inactivated by both methods,1,6,5,11,0.454545455,Inactivated
MED14,chrX,40508794,40594804,86011,1,18,0,18,0,1,0,0,1,0,1,0,Inactivated,1,75,0,75,0,Inactivated,1,0,0,0,1,0,1,0,less than 2 iSNPs,R,Inactivated by Reads only,2,115,12,127,0.094488189,Escaper
TCONS_l2_00030181,chrX,40693886,40721317,27432,2,0.0002,0.0002,0.0004,0.5,2,0,0,2,0,1,0,Inactivated,NA,NA,NA,NA,NA,NA,NA,NA,NA,NA,NA,NA,NA,NA,NA,NA,NA,NA,NA,NA,NA,NA,NA
USP9X,chrX,40944887,41095832,150946,9,497,378,875,0.432,12,12,1,25,0.04,23,1,less than 2 iSNPs,NA,NA,NA,NA,NA,NA,NA,NA,NA,NA,NA,NA,NA,NA,NA,NA,NA,2,16,2,18,0.111111111,Inactivated
DDX3X,chrX,41192650,41209524,16875,9,1200,1417,2617,0.541459687,45,45,9,99,0.090909091,41,6,Escaper,3,636,367,1003,0.365902293,Escaper,2,3,8,11,13,0.846153846,12,10,Escaper,R+S,Escaper by both methods,2,144,67,211,0.317535545,Escaper
CASK,chrX,41374188,41782287,408100,61,2279,1098,3377,0.325140657,69,36,0,105,0,47,0,Inactivated,2,162,3,165,0.018181818,Inactivated,2,0,0,0,2,0,2,0,Inactivated,R+S,Inactivated by both methods,1,2,0,2,0,Inactivated
MAOA,chrX,43514154,43606071,91918,1,0,63,63,1,0,1,0,1,0,1,0,Inactivated,NA,NA,NA,NA,NA,NA,NA,NA,NA,NA,NA,NA,NA,NA,NA,NA,NA,NA,NA,NA,NA,NA,NA
KDM6A,chrX,44732422,44971845,239424,14,644,457,1101,0.415077203,17,16,1,34,0.029411765,26,1,less than 2 iSNPs,1,1,414,415,0.997590361,Escaper,0,1,0,1,1,1,1,1,less than 2 iSNPs,R,Escaper by Reads only,2,11,10,21,0.476190476,Escaper
KRBOX4,chrX,46306623,46334074,27452,2,179,0,179,0,4,0,0,4,0,4,0,Inactivated,NA,NA,NA,NA,NA,NA,NA,NA,NA,NA,NA,NA,NA,NA,NA,NA,NA,NA,NA,NA,NA,NA,NA
ZNF674,chrX,46357159,46404892,47734,2,95,68,163,0.417177914,3,2,0,5,0,5,0,Inactivated,NA,NA,NA,NA,NA,NA,NA,NA,NA,NA,NA,NA,NA,NA,NA,NA,NA,NA,NA,NA,NA,NA,NA
CHST7,chrX,46433191,46457838,24648,1,146,115,261,0.440613027,8,5,0,13,0,13,0,Inactivated,NA,NA,NA,NA,NA,NA,NA,NA,NA,NA,NA,NA,NA,NA,NA,NA,NA,NA,NA,NA,NA,NA,NA
SLC9A7,chrX,46458685,46618607,159923,11,1206,787,1993,0.394882087,31,24,0,55,0,38,0,Inactivated,1,86,1,87,0.011494253,Inactivated,2,0,0,0,2,0,2,0,Inactivated,R+S,Inactivated by both methods,4,33,0,33,0,Inactivated
RP2,chrX,46696346,46741791,45446,2,20,76,96,0.791666667,1,4,0,5,0,5,0,Inactivated,NA,NA,NA,NA,NA,NA,NA,NA,NA,NA,NA,NA,NA,NA,NA,NA,NA,NA,NA,NA,NA,NA,NA
CXorf31,chrX,46746853,46759139,12287,1,21,0,21,0,1,0,0,1,0,1,0,Inactivated,NA,NA,NA,NA,NA,NA,NA,NA,NA,NA,NA,NA,NA,NA,NA,NA,NA,NA,NA,NA,NA,NA,NA
PHF16,chrX,46771735,46920641,148907,3,188,104,292,0.356164384,12,7,0,19,0,18,0,Inactivated,NA,NA,NA,NA,NA,NA,NA,NA,NA,NA,NA,NA,NA,NA,NA,NA,NA,NA,NA,NA,NA,NA,NA
UBA1,chrX,47050198,47074527,24330,3,95,16,111,0.144144144,2,1,0,3,0,3,0,Inactivated,1,141,1,142,0.007042254,Inactivated,1,0,0,0,1,0,1,0,less than 2 iSNPs,R,Inactivated by Reads only,1,9,0,9,0,Inactivated
CFP,chrX,47483611,47489704,6094,1,0,16,16,1,0,1,0,1,0,1,0,Inactivated,NA,NA,NA,NA,NA,NA,NA,NA,NA,NA,NA,NA,NA,NA,NA,NA,NA,NA,NA,NA,NA,NA,NA
ELK1,chrX,47494918,47510003,15086,1,0,54,54,1,0,1,0,1,0,1,0,Inactivated,NA,NA,NA,NA,NA,NA,NA,NA,NA,NA,NA,NA,NA,NA,NA,NA,NA,NA,NA,NA,NA,NA,NA
ZNF81,chrX,47696300,47781655,85356,9,215,146,361,0.404432133,6,6,0,12,0,8,0,Inactivated,1,86,0,86,0,Inactivated,1,0,0,0,1,0,1,0,less than 2 iSNPs,R,Inactivated by Reads only,1,2,0,2,0,Inactivated
FTSJ1,chrX,48334548,48344752,10205,2,46,63,109,0.577981651,3,3,0,6,0,6,0,Inactivated,NA,NA,NA,NA,NA,NA,NA,NA,NA,NA,NA,NA,NA,NA,NA,NA,NA,NA,NA,NA,NA,NA,NA
EBP,chrX,48380163,48387104,6942,2,0,40,40,1,0,2,0,2,0,2,0,Inactivated,1,3748,2,3750,0.000533333,Inactivated,18,0,0,0,18,0,18,0,Inactivated,R+S,Inactivated by both methods,1,171,0,171,0,Inactivated
TBC1D25,chrX,48398074,48420997,22924,1,27,0,27,0,1,0,0,1,0,1,0,Inactivated,2,38,0,38,0,Inactivated,2,0,0,0,2,0,1,0,Inactivated,R+S,Inactivated by both methods,1,4,0,4,0,Inactivated
RBM3,chrX,48432740,48439553,6814,7,2458,4942,7400,0.667837838,36,71,3,110,0.027272727,100,3,Escaper,1,8,0,8,0,Inactivated,1,0,0,0,1,0,1,0,less than 2 iSNPs,R,Inactivated by Reads only,2,26,0,26,0,Inactivated
SLC35A2,chrX,48760458,48769235,8778,1,514,428,942,0.454352442,14,9,1,24,0.041666667,24,1,less than 2 iSNPs,NA,NA,NA,NA,NA,NA,NA,NA,NA,NA,NA,NA,NA,NA,NA,NA,NA,NA,NA,NA,NA,NA,NA
TCONS_l2_00030488,chrX,48995950,49003812,7863,22,0.0022,0.0022,0.0044,0.5,22,0,0,22,0,1,0,Inactivated,NA,NA,NA,NA,NA,NA,NA,NA,NA,NA,NA,NA,NA,NA,NA,NA,NA,NA,NA,NA,NA,NA,NA
USP27X,chrX,49644469,49647168,2700,1,5,48,53,0.905660377,0,2,2,4,0.5,4,2,Escaper,NA,NA,NA,NA,NA,NA,NA,NA,NA,NA,NA,NA,NA,NA,NA,NA,NA,NA,NA,NA,NA,NA,NA
CLCN5,chrX,49687224,49863892,176669,1,0,49,49,1,0,1,0,1,0,1,0,Inactivated,NA,NA,NA,NA,NA,NA,NA,NA,NA,NA,NA,NA,NA,NA,NA,NA,NA,NA,NA,NA,NA,NA,NA
SHROOM4,chrX,50334642,50557044,222403,3,129,173,302,0.572847682,3,4,0,7,0,5,0,Inactivated,NA,NA,NA,NA,NA,NA,NA,NA,NA,NA,NA,NA,NA,NA,NA,NA,NA,NA,NA,NA,NA,NA,NA
KDM5C,chrX,53220502,53254604,34103,NA,NA,NA,NA,NA,NA,NA,NA,NA,NA,NA,NA,NA,1,0,47,47,1,Escaper,0,1,0,1,1,1,1,1,less than 2 iSNPs,R,Escaper by Reads only,NA,NA,NA,NA,NA,NA
IQSEC2,chrX,53262057,53350522,88466,2,73,0,73,0,3,0,0,3,0,3,0,Inactivated,NA,NA,NA,NA,NA,NA,NA,NA,NA,NA,NA,NA,NA,NA,NA,NA,NA,NA,NA,NA,NA,NA,NA
TCONS_00017515,chrX,53388440,53393518,5079,1,1,1,2,0.5,0,1,0,1,0,1,0,Inactivated,NA,NA,NA,NA,NA,NA,NA,NA,NA,NA,NA,NA,NA,NA,NA,NA,NA,NA,NA,NA,NA,NA,NA
SMC1A,chrX,53401069,53449618,48550,2,1008,1205,2213,0.544509715,18,29,19,66,0.287878788,64,18,Escaper,1,296,511,807,0.633209418,Escaper,4,3,2,5,9,0.555555556,9,5,Escaper,R+S,Escaper by both methods,1,16,4,20,0.2,Inactivated
HUWE1,chrX,53559056,53713697,154642,3,272,348,620,0.561290323,9,7,0,16,0,14,0,Inactivated,1,64,0,64,0,Inactivated,1,0,0,0,1,0,1,0,less than 2 iSNPs,R,Inactivated by Reads only,1,8,1,9,0.111111111,Inactivated
PHF8,chrX,53963112,54071569,108458,2,34,0,34,0,2,0,0,2,0,2,0,Inactivated,NA,NA,NA,NA,NA,NA,NA,NA,NA,NA,NA,NA,NA,NA,NA,NA,NA,NA,NA,NA,NA,NA,NA
FAM120C,chrX,54094756,54209714,114959,NA,NA,NA,NA,NA,NA,NA,NA,NA,NA,NA,NA,NA,NA,NA,NA,NA,NA,NA,NA,NA,NA,NA,NA,NA,NA,NA,NA,NA,NA,2,5,1,6,0.166666667,Inactivated
GNL3L,chrX,54556643,54593720,37078,1,0,85,85,1,0,3,0,3,0,3,0,Inactivated,2,293,0,293,0,Inactivated,3,0,0,0,3,0,3,0,Inactivated,R+S,Inactivated by both methods,3,55,0,55,0,Inactivated
MAGED2,chrX,54834170,54842445,8276,NA,NA,NA,NA,NA,NA,NA,NA,NA,NA,NA,NA,NA,4,6018,7,6025,0.001161826,Escaper,34,0,0,0,34,0,10,0,Inactivated,R+S,Escaper by both methods,4,68,0,68,0,Inactivated
FAM104B,chrX,55169534,55187628,18095,17,39558,28,39586,0.000707321,935,0,2,937,0.002134472,63,2,Escaper,NA,NA,NA,NA,NA,NA,NA,NA,NA,NA,NA,NA,NA,NA,NA,NA,NA,NA,NA,NA,NA,NA,NA
MTRNR2L10,chrX,55207823,55208944,1122,10,378,7864,8242,0.954137345,0,559,140,699,0.200286123,98,80,Escaper,NA,NA,NA,NA,NA,NA,NA,NA,NA,NA,NA,NA,NA,NA,NA,NA,NA,NA,NA,NA,NA,NA,NA
MAGEH1,chrX,55478537,55479999,1463,1,583,1038,1621,0.640345466,17,23,0,40,0,40,0,Inactivated,NA,NA,NA,NA,NA,NA,NA,NA,NA,NA,NA,NA,NA,NA,NA,NA,NA,NA,NA,NA,NA,NA,NA
USP51,chrX,55511048,55515631,4584,1,8,0,8,0,1,0,0,1,0,1,0,Inactivated,NA,NA,NA,NA,NA,NA,NA,NA,NA,NA,NA,NA,NA,NA,NA,NA,NA,NA,NA,NA,NA,NA,NA
RRAGB,chrX,55744109,55785207,41099,6,111,311,422,0.736966825,3,10,0,13,0,10,0,Inactivated,NA,NA,NA,NA,NA,NA,NA,NA,NA,NA,NA,NA,NA,NA,NA,NA,NA,1,2,0,2,0,Inactivated
TCONS_l2_00030220,chrX,55934675,56041429,106755,1,0.0001,0.0001,0.0002,0.5,1,0,0,1,0,1,0,Inactivated,NA,NA,NA,NA,NA,NA,NA,NA,NA,NA,NA,NA,NA,NA,NA,NA,NA,NA,NA,NA,NA,NA,NA
TCONS_00017180,chrX,56098008,56231479,133472,5,2.0004,2.0004,4.0008,0.5,4,2,0,6,0,4,0,Inactivated,NA,NA,NA,NA,NA,NA,NA,NA,NA,NA,NA,NA,NA,NA,NA,NA,NA,NA,NA,NA,NA,NA,NA
TCONS_l2_00030225,chrX,56755684,56844804,89121,1,1.0004,1.0004,2.0008,0.5,4,1,0,5,0,5,0,Inactivated,NA,NA,NA,NA,NA,NA,NA,NA,NA,NA,NA,NA,NA,NA,NA,NA,NA,1,8,0,8,0,Inactivated
LOC550643,chrX,56755717,56844004,88288,5,2093,3738,5831,0.641056423,33,64,2,99,0.02020202,94,2,Escaper,2,2450,1,2451,0.000407997,Inactivated,15,0,0,0,15,0,15,0,Inactivated,R+S,Inactivated by both methods,6,433,2,435,0.004597701,Inactivated
TCONS_l2_00030703,chrX,57244099,57251237,7139,1,0.0001,0.0001,0.0002,0.5,1,0,0,1,0,1,0,Inactivated,NA,NA,NA,NA,NA,NA,NA,NA,NA,NA,NA,NA,NA,NA,NA,NA,NA,NA,NA,NA,NA,NA,NA
FAAH2,chrX,57313109,57515629,202521,NA,NA,NA,NA,NA,NA,NA,NA,NA,NA,NA,NA,NA,2,0,35,35,1,Escaper,0,2,0,2,2,1,2,2,Escaper,R+S,Escaper by both methods,NA,NA,NA,NA,NA,NA
TCONS_00017185,chrX,57667297,57680873,13577,1,1,1,2,0.5,0,1,0,1,0,1,0,Inactivated,NA,NA,NA,NA,NA,NA,NA,NA,NA,NA,NA,NA,NA,NA,NA,NA,NA,NA,NA,NA,NA,NA,NA
TCONS_00017187,chrX,64295360,64311672,16313,1,1.0002,1.0002,2.0004,0.5,2,1,0,3,0,3,0,Inactivated,NA,NA,NA,NA,NA,NA,NA,NA,NA,NA,NA,NA,NA,NA,NA,NA,NA,NA,NA,NA,NA,NA,NA
TCONS_00017189,chrX,64588723,64618554,29832,1,0.0001,0.0001,0.0002,0.5,1,0,0,1,0,1,0,Inactivated,NA,NA,NA,NA,NA,NA,NA,NA,NA,NA,NA,NA,NA,NA,NA,NA,NA,NA,NA,NA,NA,NA,NA
MSN,chrX,64887510,64961793,74284,1,33,17,50,0.34,1,1,0,2,0,2,0,Inactivated,NA,NA,NA,NA,NA,NA,NA,NA,NA,NA,NA,NA,NA,NA,NA,NA,NA,NA,NA,NA,NA,NA,NA
HEPH,chrX,65382432,65487230,104799,1,56,0,56,0,1,0,0,1,0,1,0,Inactivated,2,111,1,112,0.008928571,Inactivated,2,0,0,0,2,0,1,0,Inactivated,R+S,Inactivated by both methods,NA,NA,NA,NA,NA,NA
EDA2R,chrX,65815481,65835872,20392,4,343,870,1213,0.717230008,17,21,0,38,0,19,0,Inactivated,2,1755,3,1758,0.001706485,Inactivated,6,0,0,0,6,0,4,0,Inactivated,R+S,Inactivated by both methods,3,187,0,187,0,Inactivated
OPHN1,chrX,67262185,67653299,391115,22,438,1408,1846,0.762730228,12,35,0,47,0,25,0,Inactivated,1,20,0,20,0,Inactivated,1,0,0,0,1,0,1,0,less than 2 iSNPs,R,Inactivated by Reads only,NA,NA,NA,NA,NA,NA
YIPF6,chrX,67718623,67757127,38505,2,141,129,270,0.477777778,6,8,0,14,0,14,0,Inactivated,NA,NA,NA,NA,NA,NA,NA,NA,NA,NA,NA,NA,NA,NA,NA,NA,NA,NA,NA,NA,NA,NA,NA
EDA,chrX,68835910,69259321,423412,3,200,0,200,0,4,0,0,4,0,3,0,Inactivated,1,0,58,58,1,Escaper,0,1,0,1,1,1,1,1,less than 2 iSNPs,R,Escaper by Reads only,NA,NA,NA,NA,NA,NA
IGBP1,chrX,69353317,69386173,32857,NA,NA,NA,NA,NA,NA,NA,NA,NA,NA,NA,NA,NA,1,34,0,34,0,Inactivated,1,0,0,0,1,0,1,0,less than 2 iSNPs,R,Inactivated by Reads only,6,29,1,30,0.033333333,Inactivated
DGAT2L6,chrX,69397335,69425553,28219,NA,NA,NA,NA,NA,NA,NA,NA,NA,NA,NA,NA,NA,1,553,1,554,0.001805054,Inactivated,1,0,0,0,1,0,1,0,less than 2 iSNPs,R,Inactivated by Reads only,NA,NA,NA,NA,NA,NA
ARR3,chrX,69488184,69501690,13507,1,0,65,65,1,0,2,0,2,0,2,0,Inactivated,NA,NA,NA,NA,NA,NA,NA,NA,NA,NA,NA,NA,NA,NA,NA,NA,NA,NA,NA,NA,NA,NA,NA
RAB41,chrX,69502021,69504852,2832,2,15,61,76,0.802631579,0,0,2,2,1,1,1,Escaper,NA,NA,NA,NA,NA,NA,NA,NA,NA,NA,NA,NA,NA,NA,NA,NA,NA,NA,NA,NA,NA,NA,NA
KIF4A,chrX,69509878,69640774,130897,10,1098,1381,2479,0.557079468,29,45,0,74,0,43,0,Inactivated,3,238,27,265,0.101886792,Escaper,2,1,0,1,3,0.333333333,3,1,Escaper,R+S,Escaper by both methods,1,21,0,21,0,Inactivated
DLG3,chrX,69664704,69725339,60636,4,370,288,658,0.43768997,9,6,0,15,0,15,0,Inactivated,NA,NA,NA,NA,NA,NA,NA,NA,NA,NA,NA,NA,NA,NA,NA,NA,NA,NA,NA,NA,NA,NA,NA
TEX11,chrX,69748789,70128567,379779,NA,NA,NA,NA,NA,NA,NA,NA,NA,NA,NA,NA,NA,4,160,84,244,0.344262295,Escaper,3,1,0,1,4,0.25,3,1,Escaper,R+S,Escaper by both methods,NA,NA,NA,NA,NA,NA
SNX12,chrX,70279096,70288298,9203,2,1187,698,1885,0.370291777,28,20,0,48,0,48,0,Inactivated,1,70,0,70,0,Inactivated,3,0,0,0,3,0,3,0,Inactivated,R+S,Inactivated by both methods,1,31,0,31,0,Inactivated
CXorf65,chrX,70323738,70326638,2901,NA,NA,NA,NA,NA,NA,NA,NA,NA,NA,NA,NA,NA,NA,NA,NA,NA,NA,NA,NA,NA,NA,NA,NA,NA,NA,NA,NA,NA,NA,2,19,0,19,0,Inactivated
TCONS_00017066,chrX,70403408,70418025,14618,NA,NA,NA,NA,NA,NA,NA,NA,NA,NA,NA,NA,NA,3,255,0,255,0,Inactivated,4,0,0,0,4,0,3,0,Inactivated,R+S,Inactivated by both methods,2,22,1,23,0.043478261,Inactivated
NHSL2,chrX,71130937,71363424,232488,1,0,7,7,1,0,1,0,1,0,1,0,Inactivated,NA,NA,NA,NA,NA,NA,NA,NA,NA,NA,NA,NA,NA,NA,NA,NA,NA,NA,NA,NA,NA,NA,NA
FLJ44635,chrX,71364033,71381600,17568,NA,NA,NA,NA,NA,NA,NA,NA,NA,NA,NA,NA,NA,1,0,45,45,1,Escaper,0,1,0,1,1,1,1,1,less than 2 iSNPs,R,Escaper by Reads only,1,0,6,6,1,Inactivated
PIN4,chrX,71401525,71418194,16670,3,42,124,166,0.746987952,1,3,0,4,0,3,0,Inactivated,NA,NA,NA,NA,NA,NA,NA,NA,NA,NA,NA,NA,NA,NA,NA,NA,NA,NA,NA,NA,NA,NA,NA
ERCC6L,chrX,71424506,71458858,34353,3,878,449,1327,0.338357197,20,12,0,32,0,23,0,Inactivated,1,96,0,96,0,Inactivated,3,0,0,0,3,0,3,0,Inactivated,R+S,Inactivated by both methods,1,40,0,40,0,Inactivated
HDAC8,chrX,71549365,71792953,243589,NA,NA,NA,NA,NA,NA,NA,NA,NA,NA,NA,NA,NA,1,18,0,18,0,Inactivated,1,0,0,0,1,0,1,0,less than 2 iSNPs,R,Inactivated by Reads only,NA,NA,NA,NA,NA,NA
MAP2K4P1,chrX,72744110,72782921,38812,NA,NA,NA,NA,NA,NA,NA,NA,NA,NA,NA,NA,NA,1,0,34,34,1,Escaper,0,1,0,1,1,1,1,1,less than 2 iSNPs,R,Escaper by Reads only,NA,NA,NA,NA,NA,NA
CHIC1,chrX,72782983,72906937,123955,1,9,0,9,0,1,0,0,1,0,1,0,Inactivated,1,40,1,41,0.024390244,Inactivated,1,0,0,0,1,0,1,0,less than 2 iSNPs,R,Inactivated by Reads only,2,4,0,4,0,Inactivated
XIST,chrX,73040485,73072588,32104,3,277,358,635,0.563779528,7,16,1,24,0.041666667,23,1,less than 2 iSNPs,7,12,1640,1652,0.992736077,Escaper,1,19,0,19,20,0.95,10,10,Escaper,R+S,Escaper by both methods,NA,NA,NA,NA,NA,NA
JPX,chrX,73164158,73220326,56169,1,335,120,455,0.263736264,8,1,5,14,0.357142857,14,5,Escaper,10,892,1039,1931,0.53806318,Escaper,8,8,3,11,19,0.578947368,10,8,Escaper,R+S,Escaper by both methods,12,229,106,335,0.31641791,Escaper
FTX,chrX,73247970,73513409,265440,43,2994,1503,4497,0.334222815,95,55,0,150,0,74,0,Inactivated,8,681,35,716,0.048882682,Escaper,7,1,0,1,8,0.125,3,1,Escaper,R+S,Escaper by both methods,14,119,0,119,0,Inactivated
SLC16A2,chrX,73641327,73753764,112438,6,336,30,366,0.081967213,6,2,0,8,0,4,0,Inactivated,NA,NA,NA,NA,NA,NA,NA,NA,NA,NA,NA,NA,NA,NA,NA,NA,NA,NA,NA,NA,NA,NA,NA
RLIM,chrX,73802810,73834461,31652,14,1697,450,2147,0.209594783,47,12,1,60,0.016666667,31,1,less than 2 iSNPs,NA,NA,NA,NA,NA,NA,NA,NA,NA,NA,NA,NA,NA,NA,NA,NA,NA,NA,NA,NA,NA,NA,NA
KIAA2022,chrX,73952690,74145287,192598,NA,NA,NA,NA,NA,NA,NA,NA,NA,NA,NA,NA,NA,NA,NA,NA,NA,NA,NA,NA,NA,NA,NA,NA,NA,NA,NA,NA,NA,NA,1,1,0,1,0,Inactivated
ABCB7,chrX,74273006,74376175,103170,3,96,83,179,0.463687151,3,3,0,6,0,6,0,Inactivated,NA,NA,NA,NA,NA,NA,NA,NA,NA,NA,NA,NA,NA,NA,NA,NA,NA,NA,NA,NA,NA,NA,NA
ZDHHC15,chrX,74588261,74743337,155077,NA,NA,NA,NA,NA,NA,NA,NA,NA,NA,NA,NA,NA,1,94,0,94,0,Inactivated,2,0,0,0,2,0,2,0,Inactivated,R+S,Inactivated by both methods,NA,NA,NA,NA,NA,NA
TCONS_l2_00030263,chrX,74743967,74844631,100665,NA,NA,NA,NA,NA,NA,NA,NA,NA,NA,NA,NA,NA,1,0,10,10,1,Escaper,0,1,0,1,1,1,1,1,less than 2 iSNPs,R,Escaper by Reads only,NA,NA,NA,NA,NA,NA
PBDC1,chrX,75392770,75398033,5264,4,74,106,180,0.588888889,4,4,0,8,0,4,0,Inactivated,1,43,0,43,0,Inactivated,1,0,0,0,1,0,1,0,less than 2 iSNPs,R,Inactivated by Reads only,NA,NA,NA,NA,NA,NA
ATRX,chrX,76760355,77041719,281365,18,1320,737,2057,0.35828877,53,23,1,77,0.012987013,58,1,less than 2 iSNPs,6,1340,1,1341,0.000745712,Inactivated,11,0,0,0,11,0,6,0,Inactivated,R+S,Inactivated by both methods,4,157,0,157,0,Inactivated
MAGT1,chrX,77081861,77151065,69205,3,0,60,60,1,0,3,0,3,0,3,0,Inactivated,NA,NA,NA,NA,NA,NA,NA,NA,NA,NA,NA,NA,NA,NA,NA,NA,NA,NA,NA,NA,NA,NA,NA
ATP7A,chrX,77166193,77305892,139700,NA,NA,NA,NA,NA,NA,NA,NA,NA,NA,NA,NA,NA,NA,NA,NA,NA,NA,NA,NA,NA,NA,NA,NA,NA,NA,NA,NA,NA,NA,4,10,0,10,0,Inactivated
PGK1,chrX,77359665,77382324,22660,1,18,0,18,0,1,0,0,1,0,1,0,Inactivated,1,707,2,709,0.002820874,Inactivated,6,0,0,0,6,0,6,0,Inactivated,R+S,Inactivated by both methods,1,16,0,16,0,Inactivated
TAF9B,chrX,77385244,77395179,9936,NA,NA,NA,NA,NA,NA,NA,NA,NA,NA,NA,NA,NA,1,95,0,95,0,Inactivated,1,0,0,0,1,0,1,0,less than 2 iSNPs,R,Inactivated by Reads only,1,4,0,4,0,Inactivated
CYSLTR1,chrX,77528129,77583087,54959,NA,NA,NA,NA,NA,NA,NA,NA,NA,NA,NA,NA,NA,NA,NA,NA,NA,NA,NA,NA,NA,NA,NA,NA,NA,NA,NA,NA,NA,NA,1,2,0,2,0,Inactivated
BRWD3,chrX,79924986,80065233,140248,3,166,0,166,0,6,0,0,6,0,5,0,Inactivated,4,40,48,88,0.545454545,Escaper,2,2,0,2,4,0.5,3,1,Escaper,R+S,Escaper by both methods,5,16,0,16,0,Inactivated
HMGN5,chrX,80369199,80457441,88243,NA,NA,NA,NA,NA,NA,NA,NA,NA,NA,NA,NA,NA,1,5210,5,5215,0.000958773,Inactivated,13,0,0,0,13,0,13,0,Inactivated,R+S,Inactivated by both methods,1,547,0,547,0,Inactivated
SH3BGRL,chrX,80457302,80554046,96745,NA,NA,NA,NA,NA,NA,NA,NA,NA,NA,NA,NA,NA,1,26,0,26,0,Inactivated,1,0,0,0,1,0,1,0,less than 2 iSNPs,R,Inactivated by Reads only,NA,NA,NA,NA,NA,NA
RPS6KA6,chrX,83313353,83442943,129591,8,127,177,304,0.582236842,5,8,0,13,0,11,0,Inactivated,NA,NA,NA,NA,NA,NA,NA,NA,NA,NA,NA,NA,NA,NA,NA,NA,NA,NA,NA,NA,NA,NA,NA
HDX,chrX,83572881,83757487,184607,12,218,483,701,0.689015692,8,13,0,21,0,16,0,Inactivated,4,181,1,182,0.005494505,Inactivated,5,0,0,0,5,0,3,0,Inactivated,R+S,Inactivated by both methods,5,20,0,20,0,Inactivated
APOOL,chrX,84258897,84348323,89427,NA,NA,NA,NA,NA,NA,NA,NA,NA,NA,NA,NA,NA,3,686,0,686,0,Inactivated,6,0,0,0,6,0,5,0,Inactivated,R+S,Inactivated by both methods,3,36,0,36,0,Inactivated
ZNF711,chrX,84498996,84528368,29373,NA,NA,NA,NA,NA,NA,NA,NA,NA,NA,NA,NA,NA,NA,NA,NA,NA,NA,NA,NA,NA,NA,NA,NA,NA,NA,NA,NA,NA,NA,1,9,0,9,0,Inactivated
CHM,chrX,85116184,85302566,186383,39,2006,2077,4083,0.508694587,62,71,0,133,0,58,0,Inactivated,NA,NA,NA,NA,NA,NA,NA,NA,NA,NA,NA,NA,NA,NA,NA,NA,NA,NA,NA,NA,NA,NA,NA
DACH2,chrX,85403454,86087605,684152,NA,NA,NA,NA,NA,NA,NA,NA,NA,NA,NA,NA,NA,3,80,0,80,0,Inactivated,3,0,0,0,3,0,1,0,Inactivated,R+S,Inactivated by both methods,NA,NA,NA,NA,NA,NA
KLHL4,chrX,86772714,86924596,151883,15,537,235,772,0.304404145,18,7,2,27,0.074074074,9,1,Escaper,NA,NA,NA,NA,NA,NA,NA,NA,NA,NA,NA,NA,NA,NA,NA,NA,NA,NA,NA,NA,NA,NA,NA
PCDH11X,chrX,91090459,91878228,787770,5,72,0,72,0,5,0,0,5,0,3,0,Inactivated,1,61,1,62,0.016129032,Inactivated,1,0,0,0,1,0,1,0,less than 2 iSNPs,R,Inactivated by Reads only,NA,NA,NA,NA,NA,NA
DIAPH2,chrX,95939661,96855597,915937,75,2871,2829,5700,0.496315789,89,82,1,172,0.005813953,51,1,less than 2 iSNPs,11,752,83,835,0.099401198,Escaper,10,2,0,2,12,0.166666667,7,2,Escaper,R+S,Escaper by both methods,18,73,1,74,0.013513514,Inactivated
PCDH19,chrX,99546641,99665271,118631,NA,NA,NA,NA,NA,NA,NA,NA,NA,NA,NA,NA,NA,1,16,0,16,0,Inactivated,1,0,0,0,1,0,1,0,less than 2 iSNPs,R,Inactivated by Reads only,NA,NA,NA,NA,NA,NA
TSPAN6,chrX,99883794,99891794,8001,1,1285,1789,3074,0.581977879,23,34,4,61,0.06557377,61,4,Escaper,NA,NA,NA,NA,NA,NA,NA,NA,NA,NA,NA,NA,NA,NA,NA,NA,NA,NA,NA,NA,NA,NA,NA
SRPX2,chrX,99899162,99926296,27135,2,173,73,246,0.296747967,4,1,0,5,0,4,0,Inactivated,NA,NA,NA,NA,NA,NA,NA,NA,NA,NA,NA,NA,NA,NA,NA,NA,NA,NA,NA,NA,NA,NA,NA
SYTL4,chrX,99929488,99986522,57035,11,472,519,991,0.523713421,11,14,0,25,0,14,0,Inactivated,NA,NA,NA,NA,NA,NA,NA,NA,NA,NA,NA,NA,NA,NA,NA,NA,NA,NA,NA,NA,NA,NA,NA
CSTF2,chrX,100075347,100095923,20577,2,434,79,513,0.153996101,9,3,0,12,0,11,0,Inactivated,NA,NA,NA,NA,NA,NA,NA,NA,NA,NA,NA,NA,NA,NA,NA,NA,NA,NA,NA,NA,NA,NA,NA
NOX1,chrX,100098312,100129334,31023,5,100,7,107,0.065420561,4,1,0,5,0,2,0,Inactivated,1,53,0,53,0,Inactivated,1,0,0,0,1,0,1,0,less than 2 iSNPs,R,Inactivated by Reads only,NA,NA,NA,NA,NA,NA
TCONS_00017001,chrX,100258820,100262956,4137,NA,NA,NA,NA,NA,NA,NA,NA,NA,NA,NA,NA,NA,1,0,16,16,1,Escaper,0,1,0,1,1,1,1,1,less than 2 iSNPs,R,Escaper by Reads only,1,10,0,10,0,Inactivated
TRMT2B,chrX,100264333,100307105,42773,NA,NA,NA,NA,NA,NA,NA,NA,NA,NA,NA,NA,NA,1,10,0,10,0,Inactivated,1,0,0,0,1,0,1,0,less than 2 iSNPs,R,Inactivated by Reads only,1,3,0,3,0,Inactivated
CENPI,chrX,100354797,100417978,63182,17,1025,852,1877,0.453915823,32,30,1,63,0.015873016,34,1,less than 2 iSNPs,NA,NA,NA,NA,NA,NA,NA,NA,NA,NA,NA,NA,NA,NA,NA,NA,NA,NA,NA,NA,NA,NA,NA
DRP2,chrX,100474932,100519485,44554,3,8,53,61,0.868852459,1,2,0,3,0,3,0,Inactivated,NA,NA,NA,NA,NA,NA,NA,NA,NA,NA,NA,NA,NA,NA,NA,NA,NA,NA,NA,NA,NA,NA,NA
BTK,chrX,100604434,100641212,36779,NA,NA,NA,NA,NA,NA,NA,NA,NA,NA,NA,NA,NA,3,3521,2,3523,0.000567698,Inactivated,13,0,0,0,13,0,12,0,Inactivated,R+S,Inactivated by both methods,3,230,0,230,0,Inactivated
RPL36A-HNRNPH2,chrX,100645877,100669128,23252,NA,NA,NA,NA,NA,NA,NA,NA,NA,NA,NA,NA,NA,NA,NA,NA,NA,NA,NA,NA,NA,NA,NA,NA,NA,NA,NA,NA,NA,NA,2,15,1,16,0.0625,Inactivated
ARMCX3,chrX,100878119,100882831,4713,NA,NA,NA,NA,NA,NA,NA,NA,NA,NA,NA,NA,NA,1,32,0,32,0,Inactivated,2,0,0,0,2,0,2,0,Inactivated,R+S,Inactivated by both methods,1,114,0,114,0,Inactivated
ZMAT1,chrX,101137259,101187039,49781,NA,NA,NA,NA,NA,NA,NA,NA,NA,NA,NA,NA,NA,3,348,1,349,0.00286533,Inactivated,3,0,0,0,3,0,2,0,Inactivated,R+S,Inactivated by both methods,1,20,0,20,0,Inactivated
ARMCX5-GPRASP2,chrX,101854275,101972661,118387,5,123,60,183,0.327868852,4,3,0,7,0,7,0,Inactivated,1,67,0,67,0,Inactivated,1,0,0,0,1,0,1,0,less than 2 iSNPs,R,Inactivated by Reads only,NA,NA,NA,NA,NA,NA
LINC00630,chrX,102024094,102140338,116245,5,29,158,187,0.844919786,2,8,0,10,0,9,0,Inactivated,NA,NA,NA,NA,NA,NA,NA,NA,NA,NA,NA,NA,NA,NA,NA,NA,NA,NA,NA,NA,NA,NA,NA
TCONS_l2_00030303,chrX,102085070,102160695,75626,1,0.0001,0.0001,0.0002,0.5,1,0,0,1,0,1,0,Inactivated,NA,NA,NA,NA,NA,NA,NA,NA,NA,NA,NA,NA,NA,NA,NA,NA,NA,NA,NA,NA,NA,NA,NA
TCONS_00017441,chrX,102213937,102219282,5346,NA,NA,NA,NA,NA,NA,NA,NA,NA,NA,NA,NA,NA,3,218,2,220,0.009090909,Inactivated,3,0,0,0,3,0,1,0,Inactivated,R+S,Inactivated by both methods,NA,NA,NA,NA,NA,NA
BEX2,chrX,102564273,102565883,1611,1,0,50,50,1,0,1,0,1,0,1,0,Inactivated,NA,NA,NA,NA,NA,NA,NA,NA,NA,NA,NA,NA,NA,NA,NA,NA,NA,NA,NA,NA,NA,NA,NA
TCEAL4,chrX,102840418,102842655,2238,1,2178,1060,3238,0.327362569,45,27,1,73,0.01369863,73,1,less than 2 iSNPs,1,177,0,177,0,Inactivated,2,0,0,0,2,0,2,0,Inactivated,R+S,Inactivated by both methods,NA,NA,NA,NA,NA,NA
MORF4L2,chrX,102930425,102943086,12662,8,798,966,1764,0.547619048,30,46,1,77,0.012987013,27,1,less than 2 iSNPs,NA,NA,NA,NA,NA,NA,NA,NA,NA,NA,NA,NA,NA,NA,NA,NA,NA,NA,NA,NA,NA,NA,NA
AK090973,chrX,103173478,103187485,14008,NA,NA,NA,NA,NA,NA,NA,NA,NA,NA,NA,NA,NA,2,54,1,55,0.018181818,Inactivated,2,0,0,0,2,0,1,0,Inactivated,R+S,Inactivated by both methods,2,11,0,11,0,Inactivated
SLC25A53,chrX,103343897,103401708,57812,1,60,45,105,0.428571429,1,1,0,2,0,2,0,Inactivated,1,25,0,25,0,Inactivated,1,0,0,0,1,0,1,0,less than 2 iSNPs,R,Inactivated by Reads only,2,20,0,20,0,Inactivated
IL1RAPL2,chrX,103810995,105011822,1200828,1,2,39,41,0.951219512,0,1,0,1,0,1,0,Inactivated,1,52,0,52,0,Inactivated,1,0,0,0,1,0,1,0,less than 2 iSNPs,R,Inactivated by Reads only,NA,NA,NA,NA,NA,NA
CXorf57,chrX,105855159,105922673,67515,3,54,21,75,0.28,1,2,0,3,0,2,0,Inactivated,NA,NA,NA,NA,NA,NA,NA,NA,NA,NA,NA,NA,NA,NA,NA,NA,NA,NA,NA,NA,NA,NA,NA
MORC4,chrX,106057100,106236592,179493,6,562,342,904,0.378318584,15,9,0,24,0,22,0,Inactivated,1,11,0,11,0,Inactivated,1,0,0,0,1,0,1,0,less than 2 iSNPs,R,Inactivated by Reads only,NA,NA,NA,NA,NA,NA
MORC4,chrX,106183963,106243474,59512,6,562,342,904,0.378318584,15,9,0,24,0,22,0,Inactivated,1,11,0,11,0,Inactivated,1,0,0,0,1,0,1,0,less than 2 iSNPs,R,Inactivated by Reads only,NA,NA,NA,NA,NA,NA
RBM41,chrX,106309532,106362057,52526,16,855,1154,2009,0.574415132,24,34,5,63,0.079365079,29,5,Escaper,NA,NA,NA,NA,NA,NA,NA,NA,NA,NA,NA,NA,NA,NA,NA,NA,NA,NA,NA,NA,NA,NA,NA
NUP62CL,chrX,106366656,106449670,83015,1,0,34,34,1,0,1,0,1,0,1,0,Inactivated,NA,NA,NA,NA,NA,NA,NA,NA,NA,NA,NA,NA,NA,NA,NA,NA,NA,1,11,0,11,0,Inactivated
MID2,chrX,107069083,107174867,105785,4,106,130,236,0.550847458,4,4,0,8,0,6,0,Inactivated,NA,NA,NA,NA,NA,NA,NA,NA,NA,NA,NA,NA,NA,NA,NA,NA,NA,NA,NA,NA,NA,NA,NA
ATG4A,chrX,107334898,107397901,63004,2,24,93,117,0.794871795,1,2,0,3,0,3,0,Inactivated,2,219,0,219,0,Inactivated,2,0,0,0,2,0,2,0,Inactivated,R+S,Inactivated by both methods,3,131,0,131,0,Inactivated
COL4A6,chrX,107398836,107681658,282823,15,402,898,1300,0.690769231,12,20,0,32,0,20,0,Inactivated,1,1,102,103,0.990291262,Escaper,0,1,0,1,1,1,1,1,less than 2 iSNPs,R,Escaper by Reads only,NA,NA,NA,NA,NA,NA
COL4A5,chrX,107683073,107940775,257703,15,779,1114,1893,0.588483888,20,29,0,49,0,30,0,Inactivated,NA,NA,NA,NA,NA,NA,NA,NA,NA,NA,NA,NA,NA,NA,NA,NA,NA,NA,NA,NA,NA,NA,NA
NXT2,chrX,108779009,108787927,8919,1,222,157,379,0.414248021,8,4,0,12,0,12,0,Inactivated,NA,NA,NA,NA,NA,NA,NA,NA,NA,NA,NA,NA,NA,NA,NA,NA,NA,NA,NA,NA,NA,NA,NA
KCNE1L,chrX,108866928,108868393,1466,NA,NA,NA,NA,NA,NA,NA,NA,NA,NA,NA,NA,NA,NA,NA,NA,NA,NA,NA,NA,NA,NA,NA,NA,NA,NA,NA,NA,NA,NA,1,9,0,9,0,Inactivated
ACSL4,chrX,108884563,108976621,92059,17,490,247,737,0.335142469,18,11,0,29,0,17,0,Inactivated,3,654,2,656,0.00304878,Inactivated,8,0,0,0,8,0,5,0,Inactivated,R+S,Inactivated by both methods,3,141,0,141,0,Inactivated
TMEM164,chrX,109246341,109421016,174676,4,85,78,163,0.478527607,4,3,0,7,0,7,0,Inactivated,NA,NA,NA,NA,NA,NA,NA,NA,NA,NA,NA,NA,NA,NA,NA,NA,NA,NA,NA,NA,NA,NA,NA
AMMECR1,chrX,109437413,109561380,123968,2,30,27,57,0.473684211,1,1,0,2,0,2,0,Inactivated,NA,NA,NA,NA,NA,NA,NA,NA,NA,NA,NA,NA,NA,NA,NA,NA,NA,NA,NA,NA,NA,NA,NA
ALG13,chrX,110924345,111003875,79531,1,0,10,10,1,0,1,0,1,0,1,0,Inactivated,NA,NA,NA,NA,NA,NA,NA,NA,NA,NA,NA,NA,NA,NA,NA,NA,NA,NA,NA,NA,NA,NA,NA
ZCCHC16,chrX,111326252,111700473,374222,NA,NA,NA,NA,NA,NA,NA,NA,NA,NA,NA,NA,NA,2,25,32,57,0.561403509,Escaper,1,1,0,1,2,0.5,1,1,Escaper,R+S,Escaper by both methods,NA,NA,NA,NA,NA,NA
AK127380,chrX,114752496,114797058,44563,1,0,38,38,1,0,1,0,1,0,1,0,Inactivated,NA,NA,NA,NA,NA,NA,NA,NA,NA,NA,NA,NA,NA,NA,NA,NA,NA,NA,NA,NA,NA,NA,NA
PLS3,chrX,114827818,114885179,57362,NA,NA,NA,NA,NA,NA,NA,NA,NA,NA,NA,NA,NA,1,140,0,140,0,Inactivated,1,0,0,0,1,0,1,0,less than 2 iSNPs,R,Inactivated by Reads only,NA,NA,NA,NA,NA,NA
LOC642776,chrX,115033603,115085422,51820,5,159,0,159,0,5,0,0,5,0,3,0,Inactivated,6,134,0,134,0,Inactivated,6,0,0,0,6,0,2,0,Inactivated,R+S,Inactivated by both methods,12,91,0,91,0,Inactivated
WDR44,chrX,117480035,117583923,103889,71,2407,2734,5141,0.531803151,72,89,0,161,0,60,0,Inactivated,NA,NA,NA,NA,NA,NA,NA,NA,NA,NA,NA,NA,NA,NA,NA,NA,NA,NA,NA,NA,NA,NA,NA
DOCK11,chrX,117629871,117820123,190253,15,527,353,880,0.401136364,14,9,0,23,0,16,0,Inactivated,1,74,0,74,0,Inactivated,1,0,0,0,1,0,1,0,less than 2 iSNPs,R,Inactivated by Reads only,3,17,0,17,0,Inactivated
TCONS_l2_00030583,chrX,118380533,118400772,20240,1,0.0001,0.0001,0.0002,0.5,1,0,0,1,0,1,0,Inactivated,NA,NA,NA,NA,NA,NA,NA,NA,NA,NA,NA,NA,NA,NA,NA,NA,NA,NA,NA,NA,NA,NA,NA
SLC25A43,chrX,118533257,118588437,55181,1,22,0,22,0,1,0,0,1,0,1,0,Inactivated,1,16,0,16,0,Inactivated,1,0,0,0,1,0,1,0,less than 2 iSNPs,R,Inactivated by Reads only,9,134,4,138,0.028985507,Inactivated
SLC25A5-AS1,chrX,118599995,118603083,3089,NA,NA,NA,NA,NA,NA,NA,NA,NA,NA,NA,NA,NA,NA,NA,NA,NA,NA,NA,NA,NA,NA,NA,NA,NA,NA,NA,NA,NA,NA,1,2,0,2,0,Inactivated
SLC25A5,chrX,118602362,118605359,2998,21,233563,120,233683,0.000513516,2114,0,0,2114,0,101,0,Inactivated,NA,NA,NA,NA,NA,NA,NA,NA,NA,NA,NA,NA,NA,NA,NA,NA,NA,NA,NA,NA,NA,NA,NA
6-Sep,chrX,118750908,118827333,76426,3,26,110,136,0.808823529,1,2,0,3,0,3,0,Inactivated,1,155,1,156,0.006410256,Inactivated,3,0,0,0,3,0,3,0,Inactivated,R+S,Inactivated by both methods,1,8,0,8,0,Inactivated
RPL39,chrX,118920466,118925622,5157,4,71,1,72,0.013888889,4,0,0,4,0,3,0,Inactivated,NA,NA,NA,NA,NA,NA,NA,NA,NA,NA,NA,NA,NA,NA,NA,NA,NA,3,14,0,14,0,Inactivated
TCONS_l2_00030586,chrX,118940397,118956388,15992,NA,NA,NA,NA,NA,NA,NA,NA,NA,NA,NA,NA,NA,1,87,0,87,0,Inactivated,1,0,0,0,1,0,1,0,less than 2 iSNPs,R,Inactivated by Reads only,1,11,0,11,0,Inactivated
TCONS_l2_00030587,chrX,118947683,118966262,18580,NA,NA,NA,NA,NA,NA,NA,NA,NA,NA,NA,NA,NA,2,84,0,84,0,Inactivated,2,0,0,0,2,0,1,0,Inactivated,R+S,Inactivated by both methods,1,13,0,13,0,Inactivated
UPF3B,chrX,118967988,118986991,19004,NA,NA,NA,NA,NA,NA,NA,NA,NA,NA,NA,NA,NA,NA,NA,NA,NA,NA,NA,NA,NA,NA,NA,NA,NA,NA,NA,NA,NA,NA,1,2,0,2,0,Inactivated
RNF113A,chrX,119004494,119005791,1298,NA,NA,NA,NA,NA,NA,NA,NA,NA,NA,NA,NA,NA,1,22,0,22,0,Inactivated,2,0,0,0,2,0,2,0,Inactivated,R+S,Inactivated by both methods,1,14,0,14,0,Inactivated
NDUFA1,chrX,119005733,119010629,4897,1,5,10,15,0.666666667,0,0,1,1,1,1,1,less than 2 iSNPs,NA,NA,NA,NA,NA,NA,NA,NA,NA,NA,NA,NA,NA,NA,NA,NA,NA,1,3,1,4,0.25,Inactivated
AKAP14,chrX,119029935,119054679,24745,NA,NA,NA,NA,NA,NA,NA,NA,NA,NA,NA,NA,NA,1,0,8,8,1,Escaper,0,1,0,1,1,1,1,1,less than 2 iSNPs,R,Escaper by Reads only,NA,NA,NA,NA,NA,NA
NKAP,chrX,119059012,119077735,18724,3,0,90,90,1,0,3,0,3,0,2,0,Inactivated,NA,NA,NA,NA,NA,NA,NA,NA,NA,NA,NA,NA,NA,NA,NA,NA,NA,NA,NA,NA,NA,NA,NA
TCONS_00017366,chrX,119358264,119379088,20825,NA,NA,NA,NA,NA,NA,NA,NA,NA,NA,NA,NA,NA,1,209,0,209,0,Inactivated,1,0,0,0,1,0,1,0,less than 2 iSNPs,R,Inactivated by Reads only,NA,NA,NA,NA,NA,NA
ZBTB33,chrX,119384606,119392251,7646,1,150,246,396,0.621212121,5,9,0,14,0,14,0,Inactivated,2,788,1,789,0.001267427,Inactivated,7,0,0,0,7,0,5,0,Inactivated,R+S,Inactivated by both methods,2,130,0,130,0,Inactivated
LAMP2,chrX,119560002,119603204,43203,8,6652,2784,9436,0.295040271,126,58,2,186,0.010752688,100,2,Escaper,1,278,0,278,0,Inactivated,4,0,0,0,4,0,4,0,Inactivated,R+S,Inactivated by both methods,1,45,0,45,0,Inactivated
CUL4B,chrX,119658445,119709684,51240,1,1,21,22,0.954545455,0,1,0,1,0,1,0,Inactivated,NA,NA,NA,NA,NA,NA,NA,NA,NA,NA,NA,NA,NA,NA,NA,NA,NA,NA,NA,NA,NA,NA,NA
MCTS1,chrX,119738551,119755016,16466,3,431,107,538,0.198884758,15,3,0,18,0,12,0,Inactivated,NA,NA,NA,NA,NA,NA,NA,NA,NA,NA,NA,NA,NA,NA,NA,NA,NA,2,12,0,12,0,Inactivated
C1GALT1C1,chrX,119759528,119764005,4478,5,5932,6056,11988,0.505171839,111,132,3,246,0.012195122,85,2,Escaper,NA,NA,NA,NA,NA,NA,NA,NA,NA,NA,NA,NA,NA,NA,NA,NA,NA,NA,NA,NA,NA,NA,NA
TCONS_00017461,chrX,121555855,121593433,37579,NA,NA,NA,NA,NA,NA,NA,NA,NA,NA,NA,NA,NA,1,0,561,561,1,Escaper,0,1,0,1,1,1,1,1,less than 2 iSNPs,R,Escaper by Reads only,NA,NA,NA,NA,NA,NA
GRIA3,chrX,122318095,122624766,306672,38,1468,1053,2521,0.417691392,36,24,0,60,0,13,0,Inactivated,NA,NA,NA,NA,NA,NA,NA,NA,NA,NA,NA,NA,NA,NA,NA,NA,NA,NA,NA,NA,NA,NA,NA
THOC2,chrX,122734411,122866904,132494,NA,NA,NA,NA,NA,NA,NA,NA,NA,NA,NA,NA,NA,3,160,1,161,0.00621118,Inactivated,3,0,0,0,3,0,3,0,Inactivated,R+S,Inactivated by both methods,2,29,0,29,0,Inactivated
XIAP,chrX,122993661,123047829,54169,24,1556,1127,2683,0.42005218,55,39,3,97,0.030927835,56,1,Escaper,13,1507,437,1944,0.224794239,Escaper,16,1,2,3,19,0.157894737,6,3,Escaper,R+S,Escaper by both methods,15,362,13,375,0.034666667,Escaper
STAG2,chrX,123094474,123236505,142032,24,943,550,1493,0.3683858,30,20,1,51,0.019607843,34,1,less than 2 iSNPs,3,47,0,47,0,Inactivated,3,0,0,0,3,0,1,0,Inactivated,R+S,Inactivated by both methods,7,37,2,39,0.051282051,Inactivated
TENM1,chrX,123509755,124097666,587912,NA,NA,NA,NA,NA,NA,NA,NA,NA,NA,NA,NA,NA,1,0,17,17,1,Escaper,0,1,0,1,1,1,1,1,less than 2 iSNPs,R,Escaper by Reads only,NA,NA,NA,NA,NA,NA
TCONS_l2_00030350,chrX,125606111,125607249,1139,7,504.1731116,504.1731116,1008.346223,0.5,0,497,12,509,0.023575639,101,12,Escaper,NA,NA,NA,NA,NA,NA,NA,NA,NA,NA,NA,NA,NA,NA,NA,NA,NA,NA,NA,NA,NA,NA,NA
SMARCA1,chrX,128580477,128657460,76984,5,159,137,296,0.462837838,5,5,0,10,0,8,0,Inactivated,NA,NA,NA,NA,NA,NA,NA,NA,NA,NA,NA,NA,NA,NA,NA,NA,NA,NA,NA,NA,NA,NA,NA
OCRL,chrX,128674251,128726530,52280,1,41,22,63,0.349206349,2,1,0,3,0,3,0,Inactivated,NA,NA,NA,NA,NA,NA,NA,NA,NA,NA,NA,NA,NA,NA,NA,NA,NA,NA,NA,NA,NA,NA,NA
SASH3,chrX,128913891,128929176,15286,NA,NA,NA,NA,NA,NA,NA,NA,NA,NA,NA,NA,NA,NA,NA,NA,NA,NA,NA,NA,NA,NA,NA,NA,NA,NA,NA,NA,NA,NA,1,1,0,1,0,Inactivated
UTP14A,chrX,129040096,129063738,23643,1,24,29,53,0.547169811,2,1,0,3,0,3,0,Inactivated,NA,NA,NA,NA,NA,NA,NA,NA,NA,NA,NA,NA,NA,NA,NA,NA,NA,NA,NA,NA,NA,NA,NA
ELF4,chrX,129198894,129244688,45795,2,44,0,44,0,2,0,0,2,0,2,0,Inactivated,NA,NA,NA,NA,NA,NA,NA,NA,NA,NA,NA,NA,NA,NA,NA,NA,NA,NA,NA,NA,NA,NA,NA
SLC25A14,chrX,129474046,129507335,33290,1,34,81,115,0.704347826,1,2,0,3,0,3,0,Inactivated,NA,NA,NA,NA,NA,NA,NA,NA,NA,NA,NA,NA,NA,NA,NA,NA,NA,NA,NA,NA,NA,NA,NA
RBMX2,chrX,129535942,129547317,11376,NA,NA,NA,NA,NA,NA,NA,NA,NA,NA,NA,NA,NA,NA,NA,NA,NA,NA,NA,NA,NA,NA,NA,NA,NA,NA,NA,NA,NA,NA,1,6,0,6,0,Inactivated
ENOX2,chrX,129757356,130037208,279853,NA,NA,NA,NA,NA,NA,NA,NA,NA,NA,NA,NA,NA,1,93,0,93,0,Inactivated,1,0,0,0,1,0,1,0,less than 2 iSNPs,R,Inactivated by Reads only,1,6,0,6,0,Inactivated
IGSF1,chrX,130407482,130423403,15922,NA,NA,NA,NA,NA,NA,NA,NA,NA,NA,NA,NA,NA,1,38,0,38,0,Inactivated,1,0,0,0,1,0,1,0,less than 2 iSNPs,R,Inactivated by Reads only,NA,NA,NA,NA,NA,NA
TCONS_00017372,chrX,130823929,130826881,2953,NA,NA,NA,NA,NA,NA,NA,NA,NA,NA,NA,NA,NA,1,249,0,249,0,Inactivated,2,0,0,0,2,0,2,0,Inactivated,R+S,Inactivated by both methods,1,21,0,21,0,Inactivated
LOC286467,chrX,130836677,130964671,127995,1,17,9,26,0.346153846,1,1,0,2,0,2,0,Inactivated,7,1434,3,1437,0.002087683,Inactivated,7,0,0,0,7,0,5,0,Inactivated,R+S,Inactivated by both methods,10,36,0,36,0,Inactivated
MST4,chrX,131157244,131209971,52728,4,541,551,1092,0.504578755,20,14,7,41,0.170731707,21,6,Escaper,2,352,0,352,0,Inactivated,3,0,0,0,3,0,3,0,Inactivated,R+S,Inactivated by both methods,3,19,0,19,0,Inactivated
AK095439,chrX,131352649,131566839,214191,4,55,32,87,0.367816092,2,2,0,4,0,3,0,Inactivated,NA,NA,NA,NA,NA,NA,NA,NA,NA,NA,NA,NA,NA,NA,NA,NA,NA,NA,NA,NA,NA,NA,NA
HS6ST2,chrX,131760037,132095423,335387,NA,NA,NA,NA,NA,NA,NA,NA,NA,NA,NA,NA,NA,1,16,0,16,0,Inactivated,1,0,0,0,1,0,1,0,less than 2 iSNPs,R,Inactivated by Reads only,NA,NA,NA,NA,NA,NA
GPC4,chrX,132435063,132549205,114143,1,12,0,12,0,1,0,0,1,0,1,0,Inactivated,1,20,0,20,0,Inactivated,1,0,0,0,1,0,1,0,less than 2 iSNPs,R,Inactivated by Reads only,NA,NA,NA,NA,NA,NA
GPC3,chrX,132669775,133119673,449899,1,7,0,7,0,1,0,0,1,0,1,0,Inactivated,NA,NA,NA,NA,NA,NA,NA,NA,NA,NA,NA,NA,NA,NA,NA,NA,NA,NA,NA,NA,NA,NA,NA
PHF6,chrX,133507341,133562822,55482,11,820,234,1054,0.222011385,24,14,0,38,0,21,0,Inactivated,1,234,0,234,0,Inactivated,4,0,0,0,4,0,4,0,Inactivated,R+S,Inactivated by both methods,2,8,0,8,0,Inactivated
HPRT1,chrX,133594174,133634698,40525,1,75,0,75,0,2,0,0,2,0,2,0,Inactivated,NA,NA,NA,NA,NA,NA,NA,NA,NA,NA,NA,NA,NA,NA,NA,NA,NA,1,4,0,4,0,Inactivated
MIR503HG,chrX,133678456,133680653,2198,2,41,9,50,0.18,1,1,0,2,0,2,0,Inactivated,NA,NA,NA,NA,NA,NA,NA,NA,NA,NA,NA,NA,NA,NA,NA,NA,NA,NA,NA,NA,NA,NA,NA
PLAC1,chrX,133699872,133792513,92642,2,1,146,147,0.993197279,0,3,0,3,0,3,0,Inactivated,NA,NA,NA,NA,NA,NA,NA,NA,NA,NA,NA,NA,NA,NA,NA,NA,NA,NA,NA,NA,NA,NA,NA
FAM122B,chrX,133903595,133930385,26791,NA,NA,NA,NA,NA,NA,NA,NA,NA,NA,NA,NA,NA,1,203,1,204,0.004901961,Inactivated,2,0,0,0,2,0,2,0,Inactivated,R+S,Inactivated by both methods,NA,NA,NA,NA,NA,NA
FAM122C,chrX,133941222,133988641,47420,NA,NA,NA,NA,NA,NA,NA,NA,NA,NA,NA,NA,NA,1,64,0,64,0,Inactivated,1,0,0,0,1,0,1,0,less than 2 iSNPs,R,Inactivated by Reads only,1,4,0,4,0,Inactivated
SMIM10,chrX,134124967,134126503,1537,2,373,839,1212,0.692244224,13,29,0,42,0,36,0,Inactivated,NA,NA,NA,NA,NA,NA,NA,NA,NA,NA,NA,NA,NA,NA,NA,NA,NA,NA,NA,NA,NA,NA,NA
FAM127C,chrX,134154533,134156566,2034,1,293,155,448,0.345982143,9,7,0,16,0,16,0,Inactivated,NA,NA,NA,NA,NA,NA,NA,NA,NA,NA,NA,NA,NA,NA,NA,NA,NA,NA,NA,NA,NA,NA,NA
TCONS_00017250,chrX,134169665,134174761,5097,4,9.966050877,9.966050877,19.93210175,0.5,8,10,0,18,0,16,0,Inactivated,NA,NA,NA,NA,NA,NA,NA,NA,NA,NA,NA,NA,NA,NA,NA,NA,NA,1,7,0,7,0,Inactivated
FAM127B,chrX,134184962,134186221,1260,NA,NA,NA,NA,NA,NA,NA,NA,NA,NA,NA,NA,NA,1,142,3,145,0.020689655,Inactivated,1,0,0,0,1,0,1,0,less than 2 iSNPs,R,Inactivated by Reads only,1,15,0,15,0,Inactivated
DKFZp451F083,chrX,134382887,134477957,95071,11,503,806,1309,0.615737204,16,17,0,33,0,12,0,Inactivated,5,488,0,488,0,Inactivated,5,0,0,0,5,0,2,0,Inactivated,R+S,Inactivated by both methods,5,127,0,127,0,Inactivated
DDX26B,chrX,134654554,134716460,61907,1,43,0,43,0,1,0,0,1,0,1,0,Inactivated,2,731,0,731,0,Inactivated,3,0,0,0,3,0,3,0,Inactivated,R+S,Inactivated by both methods,NA,NA,NA,NA,NA,NA
SAGE1,chrX,134975784,134995220,19437,NA,NA,NA,NA,NA,NA,NA,NA,NA,NA,NA,NA,NA,1,63,0,63,0,Inactivated,1,0,0,0,1,0,1,0,less than 2 iSNPs,R,Inactivated by Reads only,NA,NA,NA,NA,NA,NA
MMGT1,chrX,135044230,135056134,11905,NA,NA,NA,NA,NA,NA,NA,NA,NA,NA,NA,NA,NA,1,412,0,412,0,Inactivated,3,0,0,0,3,0,3,0,Inactivated,R+S,Inactivated by both methods,1,11,0,11,0,Inactivated
SLC9A6,chrX,135067585,135129428,61844,NA,NA,NA,NA,NA,NA,NA,NA,NA,NA,NA,NA,NA,1,0,19,19,1,Escaper,0,1,0,1,1,1,1,1,less than 2 iSNPs,R,Escaper by Reads only,NA,NA,NA,NA,NA,NA
MAP7D3,chrX,135298973,135333738,34766,9,1486,3165,4651,0.680498817,48,76,3,127,0.023622047,59,3,Escaper,NA,NA,NA,NA,NA,NA,NA,NA,NA,NA,NA,NA,NA,NA,NA,NA,NA,NA,NA,NA,NA,NA,NA
HTATSF1,chrX,135579670,135594503,14834,1,918,394,1312,0.300304878,31,14,0,45,0,45,0,Inactivated,NA,NA,NA,NA,NA,NA,NA,NA,NA,NA,NA,NA,NA,NA,NA,NA,NA,NA,NA,NA,NA,NA,NA
ARHGEF6,chrX,135747711,135863503,115793,NA,NA,NA,NA,NA,NA,NA,NA,NA,NA,NA,NA,NA,1,18,0,18,0,Inactivated,1,0,0,0,1,0,1,0,less than 2 iSNPs,R,Inactivated by Reads only,NA,NA,NA,NA,NA,NA
TCONS_l2_00030613,chrX,135886489,135930734,44246,1,1,1,2,0.5,0,1,0,1,0,1,0,Inactivated,1,44,0,44,0,Inactivated,1,0,0,0,1,0,1,0,less than 2 iSNPs,R,Inactivated by Reads only,NA,NA,NA,NA,NA,NA
RBMX,chrX,135955605,135962939,7335,1,655,377,1032,0.365310078,19,26,0,45,0,45,0,Inactivated,NA,NA,NA,NA,NA,NA,NA,NA,NA,NA,NA,NA,NA,NA,NA,NA,NA,NA,NA,NA,NA,NA,NA
AK055694,chrX,135991553,136075814,84262,4,63,76,139,0.54676259,3,2,0,5,0,5,0,Inactivated,2,68,0,68,0,Inactivated,2,0,0,0,2,0,1,0,Inactivated,R+S,Inactivated by both methods,1,5,0,5,0,Inactivated
TCONS_l2_00030372,chrX,136007490,136104280,96791,1,0.0001,0.0001,0.0002,0.5,1,0,0,1,0,1,0,Inactivated,NA,NA,NA,NA,NA,NA,NA,NA,NA,NA,NA,NA,NA,NA,NA,NA,NA,NA,NA,NA,NA,NA,NA
FGF13,chrX,137713733,138287185,573453,1,13,0,13,0,1,0,0,1,0,1,0,Inactivated,1,8,0,8,0,Inactivated,1,0,0,0,1,0,1,0,less than 2 iSNPs,R,Inactivated by Reads only,NA,NA,NA,NA,NA,NA
MCF2,chrX,138663929,138790381,126453,NA,NA,NA,NA,NA,NA,NA,NA,NA,NA,NA,NA,NA,1,21,0,21,0,Inactivated,1,0,0,0,1,0,1,0,less than 2 iSNPs,R,Inactivated by Reads only,NA,NA,NA,NA,NA,NA
ATP11C,chrX,138808504,138914447,105944,NA,NA,NA,NA,NA,NA,NA,NA,NA,NA,NA,NA,NA,3,1708,3,1711,0.001753361,Inactivated,9,0,0,0,9,0,8,0,Inactivated,R+S,Inactivated by both methods,5,102,0,102,0,Inactivated
TCONS_00017253,chrX,139846724,139857448,10725,2,16.0018,16.0018,32.0036,0.5,18,16,0,34,0,18,0,Inactivated,NA,NA,NA,NA,NA,NA,NA,NA,NA,NA,NA,NA,NA,NA,NA,NA,NA,NA,NA,NA,NA,NA,NA
AK054921,chrX,139863223,139866517,3295,1,0,7,7,1,0,1,0,1,0,1,0,Inactivated,NA,NA,NA,NA,NA,NA,NA,NA,NA,NA,NA,NA,NA,NA,NA,NA,NA,NA,NA,NA,NA,NA,NA
TCONS_00017017,chrX,140013902,140079613,65712,NA,NA,NA,NA,NA,NA,NA,NA,NA,NA,NA,NA,NA,3,7,39,46,0.847826087,Escaper,1,2,0,2,3,0.666666667,2,1,Escaper,R+S,Escaper by both methods,NA,NA,NA,NA,NA,NA
UBE2NL,chrX,142967172,142968357,1186,NA,NA,NA,NA,NA,NA,NA,NA,NA,NA,NA,NA,NA,1,8,6,14,0.428571429,Inactivated,1,0,0,0,1,0,1,0,less than 2 iSNPs,R,Inactivated by Reads only,NA,NA,NA,NA,NA,NA
FMR1,chrX,146993468,147032647,39180,4,78,189,267,0.707865169,2,7,0,9,0,8,0,Inactivated,NA,NA,NA,NA,NA,NA,NA,NA,NA,NA,NA,NA,NA,NA,NA,NA,NA,NA,NA,NA,NA,NA,NA
AFF2,chrX,147582138,148082193,500056,3,98,70,168,0.416666667,4,3,0,7,0,4,0,Inactivated,NA,NA,NA,NA,NA,NA,NA,NA,NA,NA,NA,NA,NA,NA,NA,NA,NA,NA,NA,NA,NA,NA,NA
IDS,chrX,148560294,148586884,26591,10,1455,1662,3117,0.533205005,43,56,1,100,0.01,48,1,less than 2 iSNPs,5,1000,0,1000,0,Inactivated,12,0,0,0,12,0,5,0,Inactivated,R+S,Inactivated by both methods,6,644,1,645,0.001550388,Inactivated
TMEM185A,chrX,148678215,148713487,35273,1,0,19,19,1,0,1,0,1,0,1,0,Inactivated,NA,NA,NA,NA,NA,NA,NA,NA,NA,NA,NA,NA,NA,NA,NA,NA,NA,1,7,0,7,0,Inactivated
TMEM185A,chrX,148850566,148853774,3209,1,0,19,19,1,0,1,0,1,0,1,0,Inactivated,NA,NA,NA,NA,NA,NA,NA,NA,NA,NA,NA,NA,NA,NA,NA,NA,NA,1,7,0,7,0,Inactivated
TMEM185A,chrX,148853852,148854484,633,1,0,19,19,1,0,1,0,1,0,1,0,Inactivated,NA,NA,NA,NA,NA,NA,NA,NA,NA,NA,NA,NA,NA,NA,NA,NA,NA,1,7,0,7,0,Inactivated
MAMLD1,chrX,149531550,149682448,150899,21,1409,2912,4321,0.673918075,31,51,0,82,0,40,0,Inactivated,NA,NA,NA,NA,NA,NA,NA,NA,NA,NA,NA,NA,NA,NA,NA,NA,NA,NA,NA,NA,NA,NA,NA
MTM1,chrX,149737046,149841616,104571,10,226,159,385,0.412987013,7,4,0,11,0,8,0,Inactivated,NA,NA,NA,NA,NA,NA,NA,NA,NA,NA,NA,NA,NA,NA,NA,NA,NA,NA,NA,NA,NA,NA,NA
MTMR1,chrX,149861868,149933575,71708,17,495,495,990,0.5,17,14,0,31,0,16,0,Inactivated,1,7,0,7,0,Inactivated,1,0,0,0,1,0,1,0,less than 2 iSNPs,R,Inactivated by Reads only,NA,NA,NA,NA,NA,NA
CD99L2,chrX,149934808,150067289,132482,9,339,70,409,0.171149144,13,2,0,15,0,7,0,Inactivated,NA,NA,NA,NA,NA,NA,NA,NA,NA,NA,NA,NA,NA,NA,NA,NA,NA,NA,NA,NA,NA,NA,NA
VMA21,chrX,150565656,150577836,12181,2,643,73,716,0.101955307,16,3,0,19,0,19,0,Inactivated,NA,NA,NA,NA,NA,NA,NA,NA,NA,NA,NA,NA,NA,NA,NA,NA,NA,NA,NA,NA,NA,NA,NA
GABRE,chrX,151121595,151143151,21557,9,218,139,357,0.389355742,9,6,0,15,0,9,0,Inactivated,NA,NA,NA,NA,NA,NA,NA,NA,NA,NA,NA,NA,NA,NA,NA,NA,NA,NA,NA,NA,NA,NA,NA
GABRA3,chrX,151335633,151619831,284199,NA,NA,NA,NA,NA,NA,NA,NA,NA,NA,NA,NA,NA,1,0,12,12,1,Escaper,0,1,0,1,1,1,1,1,less than 2 iSNPs,R,Escaper by Reads only,NA,NA,NA,NA,NA,NA
MAGEA6,chrX,151867244,151870814,3571,NA,NA,NA,NA,NA,NA,NA,NA,NA,NA,NA,NA,NA,1,61,0,61,0,Inactivated,1,0,0,0,1,0,1,0,less than 2 iSNPs,R,Inactivated by Reads only,NA,NA,NA,NA,NA,NA
NSDHL,chrX,151999510,152037907,38398,1,0,36,36,1,0,1,0,1,0,1,0,Inactivated,1,183,0,183,0,Inactivated,4,0,0,0,4,0,4,0,Inactivated,R+S,Inactivated by both methods,1,27,0,27,0,Inactivated
ZNF275,chrX,152599612,152618384,18773,7,499,784,1283,0.61106781,10,24,0,34,0,21,0,Inactivated,NA,NA,NA,NA,NA,NA,NA,NA,NA,NA,NA,NA,NA,NA,NA,NA,NA,NA,NA,NA,NA,NA,NA
HAUS7,chrX,152713122,152736603,23482,3,145,180,325,0.553846154,5,6,0,11,0,9,0,Inactivated,1,215,1,216,0.00462963,Inactivated,3,0,0,0,3,0,3,0,Inactivated,R+S,Inactivated by both methods,1,43,0,43,0,Inactivated
BGN,chrX,152760346,152775004,14659,1,550,198,748,0.264705882,19,9,0,28,0,28,0,Inactivated,NA,NA,NA,NA,NA,NA,NA,NA,NA,NA,NA,NA,NA,NA,NA,NA,NA,NA,NA,NA,NA,NA,NA
TCONS_00017274,chrX,152864822,152869126,4305,1,1.0001,1.0001,2.0002,0.5,1,1,0,2,0,2,0,Inactivated,1,25,0,25,0,Inactivated,1,0,0,0,1,0,1,0,less than 2 iSNPs,R,Inactivated by Reads only,NA,NA,NA,NA,NA,NA
BCAP31,chrX,152965946,152989838,23893,1,15,0,15,0,2,0,0,2,0,2,0,Inactivated,NA,NA,NA,NA,NA,NA,NA,NA,NA,NA,NA,NA,NA,NA,NA,NA,NA,NA,NA,NA,NA,NA,NA
ABCD1,chrX,152990322,153010216,19895,7,265,0,265,0,16,0,0,16,0,6,0,Inactivated,NA,NA,NA,NA,NA,NA,NA,NA,NA,NA,NA,NA,NA,NA,NA,NA,NA,NA,NA,NA,NA,NA,NA
ARHGAP4,chrX,153172829,153191714,18886,NA,NA,NA,NA,NA,NA,NA,NA,NA,NA,NA,NA,NA,NA,NA,NA,NA,NA,NA,NA,NA,NA,NA,NA,NA,NA,NA,NA,NA,NA,1,4,0,4,0,Inactivated
DNASE1L1,chrX,153629578,153640427,10850,2,578,571,1149,0.496953873,18,15,0,33,0,18,0,Inactivated,NA,NA,NA,NA,NA,NA,NA,NA,NA,NA,NA,NA,NA,NA,NA,NA,NA,NA,NA,NA,NA,NA,NA
GAB3,chrX,153903526,153979348,75823,2,43,61,104,0.586538462,4,4,0,8,0,6,0,Inactivated,NA,NA,NA,NA,NA,NA,NA,NA,NA,NA,NA,NA,NA,NA,NA,NA,NA,NA,NA,NA,NA,NA,NA
F8,chrX,154064063,154250998,186936,2,0,20,20,1,0,2,0,2,0,1,0,Inactivated,NA,NA,NA,NA,NA,NA,NA,NA,NA,NA,NA,NA,NA,NA,NA,NA,NA,NA,NA,NA,NA,NA,NA
BRCC3,chrX,154299694,154351349,51656,1,41,0,41,0,1,0,0,1,0,1,0,Inactivated,NA,NA,NA,NA,NA,NA,NA,NA,NA,NA,NA,NA,NA,NA,NA,NA,NA,NA,NA,NA,NA,NA,NA
TMLHE-AS1,chrX,154576449,154603823,27375,1,0,8,8,1,0,1,0,1,0,1,0,Inactivated,NA,NA,NA,NA,NA,NA,NA,NA,NA,NA,NA,NA,NA,NA,NA,NA,NA,NA,NA,NA,NA,NA,NA
TMLHE-AS1,chrX,154696200,154723771,27572,1,0,8,8,1,0,1,0,1,0,1,0,Inactivated,NA,NA,NA,NA,NA,NA,NA,NA,NA,NA,NA,NA,NA,NA,NA,NA,NA,NA,NA,NA,NA,NA,NA
SPRY3,chrX,154997450,155012117,14668,1,0,16,16,1,0,1,0,1,0,1,0,Inactivated,NA,NA,NA,NA,NA,NA,NA,NA,NA,NA,NA,NA,NA,NA,NA,NA,NA,NA,NA,NA,NA,NA,NA
VAMP7,chrX,155110942,155173433,62492,1,365,424,789,0.5373891,14,16,0,30,0,30,0,Inactivated,2,161,0,161,0,Inactivated,5,0,0,0,5,0,5,0,Inactivated,R+S,Inactivated by both methods,2,10,0,10,0,Inactivated